[Physics::Module] Initialized MultithreadedJobDispatcher with {0} workers.
Initialize engine version: 2021.3.45f2 (88f88f591b2e)
[Subsystems] Discovering subsystems at path C:/Program Files (x86)/Steam/steamapps/common/Cargo Hunters/CargoHunters_Data/UnitySubsystems
GfxDevice: creating device client; threaded=1; jobified=1
Direct3D:
    Version:  Direct3D 11.0 [level 11.1]
    Renderer: NVIDIA GeForce GTX 1650 (ID=0x1f9d)
    Vendor:   NVIDIA
    VRAM:     3938 MB
    Driver:   32.0.15.9597
<RI> Initializing input.
New input system (experimental) initialized
Using XInput
<RI> Initialized touch support.
UnloadTime: 0.280100 ms
Unloading 6 Unused Serialized files (Serialized files now loaded: 54)
UnloadTime: 1.109300 ms
Unloading 189 unused Assets to reduce memory usage. Loaded Objects now: 10675.
Total: 30.941500 ms (FindLiveObjects: 0.548900 ms CreateObjectMapping: 0.328300 ms MarkObjects: 29.812800 ms  DeleteObjects: 0.251100 ms)

Unloading 0 Unused Serialized files (Serialized files now loaded: 55)
Unloading 0 unused Assets to reduce memory usage. Loaded Objects now: 10682.
Total: 30.389700 ms (FindLiveObjects: 0.560900 ms CreateObjectMapping: 0.214900 ms MarkObjects: 29.595900 ms  DeleteObjects: 0.017500 ms)

Unloading 3 Unused Serialized files (Serialized files now loaded: 55)
The tree Tree02 must use the Nature/Soft Occlusion shader. Otherwise billboarding/lighting will not work correctly.
UnloadTime: 0.610500 ms
Unloading 741 unused Assets to reduce memory usage. Loaded Objects now: 13378.
Total: 32.844200 ms (FindLiveObjects: 1.158000 ms CreateObjectMapping: 0.637600 ms MarkObjects: 30.351500 ms  DeleteObjects: 0.696400 ms)

Unloading 3 Unused Serialized files (Serialized files now loaded: 66)
UnloadTime: 2.662900 ms
Unloading 4290 unused Assets to reduce memory usage. Loaded Objects now: 42486.
Total: 54.109500 ms (FindLiveObjects: 2.079200 ms CreateObjectMapping: 2.527000 ms MarkObjects: 40.626600 ms  DeleteObjects: 8.876100 ms)

Unloading 0 Unused Serialized files (Serialized files now loaded: 55)
Unloading 1 unused Assets to reduce memory usage. Loaded Objects now: 42485.
Total: 42.159800 ms (FindLiveObjects: 2.094000 ms CreateObjectMapping: 2.450700 ms MarkObjects: 36.616500 ms  DeleteObjects: 0.998000 ms)

Unloading 6 Unused Serialized files (Serialized files now loaded: 55)
UnloadTime: 0.623500 ms
Unloading 852 unused Assets to reduce memory usage. Loaded Objects now: 46968.
Total: 42.903900 ms (FindLiveObjects: 2.284900 ms CreateObjectMapping: 2.105600 ms MarkObjects: 37.786400 ms  DeleteObjects: 0.726800 ms)

Unloading 4 Unused Serialized files (Serialized files now loaded: 72)
UnloadTime: 2.875900 ms
Unloading 5976 unused Assets to reduce memory usage. Loaded Objects now: 96883.
Total: 108.092500 ms (FindLiveObjects: 4.873100 ms CreateObjectMapping: 7.161800 ms MarkObjects: 89.871100 ms  DeleteObjects: 6.186000 ms)

Unloading 0 Unused Serialized files (Serialized files now loaded: 57)
Unloading 0 unused Assets to reduce memory usage. Loaded Objects now: 96883.
Total: 101.078400 ms (FindLiveObjects: 4.955000 ms CreateObjectMapping: 5.496600 ms MarkObjects: 90.401800 ms  DeleteObjects: 0.224100 ms)

Unloading 5 Unused Serialized files (Serialized files now loaded: 57)
UnloadTime: 1.041100 ms
Unloading 850 unused Assets to reduce memory usage. Loaded Objects now: 185161.
Total: 108.414700 ms (FindLiveObjects: 11.341200 ms CreateObjectMapping: 6.298800 ms MarkObjects: 89.708000 ms  DeleteObjects: 1.066200 ms)

Unloading 6 Unused Serialized files (Serialized files now loaded: 94)
UnloadTime: 41.717500 ms
Unloading 9321 unused Assets to reduce memory usage. Loaded Objects now: 124150.
Total: 142.870300 ms (FindLiveObjects: 6.217200 ms CreateObjectMapping: 8.038300 ms MarkObjects: 118.393600 ms  DeleteObjects: 10.220600 ms)

Unloading 0 Unused Serialized files (Serialized files now loaded: 57)
Unloading 0 unused Assets to reduce memory usage. Loaded Objects now: 124150.
Total: 139.902000 ms (FindLiveObjects: 5.859800 ms CreateObjectMapping: 7.612800 ms MarkObjects: 126.180200 ms  DeleteObjects: 0.248500 ms)

Unloading 6 Unused Serialized files (Serialized files now loaded: 57)
UnloadTime: 1.039600 ms
Unloading 847 unused Assets to reduce memory usage. Loaded Objects now: 128635.
Total: 139.695300 ms (FindLiveObjects: 5.974600 ms CreateObjectMapping: 7.689400 ms MarkObjects: 124.997900 ms  DeleteObjects: 1.032800 ms)

Unloading 3 Unused Serialized files (Serialized files now loaded: 79)
UnloadTime: 8.165700 ms
Unloading 5801 unused Assets to reduce memory usage. Loaded Objects now: 124202.
Total: 144.895600 ms (FindLiveObjects: 6.209100 ms CreateObjectMapping: 8.093000 ms MarkObjects: 123.879900 ms  DeleteObjects: 6.713000 ms)

Unloading 0 Unused Serialized files (Serialized files now loaded: 58)
Unloading 0 unused Assets to reduce memory usage. Loaded Objects now: 124202.
Total: 104.422200 ms (FindLiveObjects: 6.186300 ms CreateObjectMapping: 7.240700 ms MarkObjects: 90.760400 ms  DeleteObjects: 0.234100 ms)

Unloading 5 Unused Serialized files (Serialized files now loaded: 58)
UnloadTime: 1.260100 ms
Unloading 850 unused Assets to reduce memory usage. Loaded Objects now: 212479.
Total: 149.234200 ms (FindLiveObjects: 12.909800 ms CreateObjectMapping: 7.963200 ms MarkObjects: 127.216700 ms  DeleteObjects: 1.144000 ms)

Unloading 6 Unused Serialized files (Serialized files now loaded: 90)
UnloadTime: 40.669100 ms
Unloading 8801 unused Assets to reduce memory usage. Loaded Objects now: 124213.
Total: 143.662500 ms (FindLiveObjects: 6.392500 ms CreateObjectMapping: 8.303000 ms MarkObjects: 119.433000 ms  DeleteObjects: 9.533300 ms)

Unloading 0 Unused Serialized files (Serialized files now loaded: 58)
Unloading 0 unused Assets to reduce memory usage. Loaded Objects now: 124213.
Total: 135.875000 ms (FindLiveObjects: 5.829300 ms CreateObjectMapping: 7.574600 ms MarkObjects: 122.237100 ms  DeleteObjects: 0.233300 ms)

Unloading 6 Unused Serialized files (Serialized files now loaded: 58)
UnloadTime: 1.247500 ms
Unloading 852 unused Assets to reduce memory usage. Loaded Objects now: 128693.
Total: 136.585000 ms (FindLiveObjects: 6.498100 ms CreateObjectMapping: 8.193500 ms MarkObjects: 120.941600 ms  DeleteObjects: 0.951100 ms)

Unloading 3 Unused Serialized files (Serialized files now loaded: 76)
UnloadTime: 8.000700 ms
Unloading 5519 unused Assets to reduce memory usage. Loaded Objects now: 124216.
Total: 137.423600 ms (FindLiveObjects: 5.973500 ms CreateObjectMapping: 7.739100 ms MarkObjects: 116.873200 ms  DeleteObjects: 6.836700 ms)

Unloading 0 Unused Serialized files (Serialized files now loaded: 58)
Unloading 0 unused Assets to reduce memory usage. Loaded Objects now: 124216.
Total: 129.070100 ms (FindLiveObjects: 5.984600 ms CreateObjectMapping: 7.423600 ms MarkObjects: 115.442100 ms  DeleteObjects: 0.219300 ms)

Unloading 5 Unused Serialized files (Serialized files now loaded: 58)
UnloadTime: 1.308200 ms
Unloading 850 unused Assets to reduce memory usage. Loaded Objects now: 212493.
Total: 141.789200 ms (FindLiveObjects: 12.612600 ms CreateObjectMapping: 7.985500 ms MarkObjects: 120.002900 ms  DeleteObjects: 1.187700 ms)

Unloading 6 Unused Serialized files (Serialized files now loaded: 95)
UnloadTime: 46.150700 ms
Unloading 8488 unused Assets to reduce memory usage. Loaded Objects now: 124222.
Total: 166.259600 ms (FindLiveObjects: 7.096600 ms CreateObjectMapping: 9.168800 ms MarkObjects: 139.085900 ms  DeleteObjects: 10.907800 ms)

Unloading 0 Unused Serialized files (Serialized files now loaded: 58)
Unloading 0 unused Assets to reduce memory usage. Loaded Objects now: 124222.
Total: 147.302900 ms (FindLiveObjects: 6.768500 ms CreateObjectMapping: 9.003200 ms MarkObjects: 131.305500 ms  DeleteObjects: 0.225300 ms)

Unloading 6 Unused Serialized files (Serialized files now loaded: 58)
UnloadTime: 1.035800 ms
Unloading 847 unused Assets to reduce memory usage. Loaded Objects now: 128707.
Total: 139.836000 ms (FindLiveObjects: 6.532000 ms CreateObjectMapping: 8.008900 ms MarkObjects: 124.077200 ms  DeleteObjects: 1.217200 ms)

Unloading 3 Unused Serialized files (Serialized files now loaded: 76)
UnloadTime: 2.669400 ms
Unloading 5528 unused Assets to reduce memory usage. Loaded Objects now: 124217.
Total: 138.595500 ms (FindLiveObjects: 6.039700 ms CreateObjectMapping: 7.581200 ms MarkObjects: 118.460200 ms  DeleteObjects: 6.513800 ms)

Unloading 0 Unused Serialized files (Serialized files now loaded: 58)
Unloading 0 unused Assets to reduce memory usage. Loaded Objects now: 124217.
Total: 124.274600 ms (FindLiveObjects: 5.763600 ms CreateObjectMapping: 7.357000 ms MarkObjects: 110.918700 ms  DeleteObjects: 0.234500 ms)

Unloading 5 Unused Serialized files (Serialized files now loaded: 58)
UnloadTime: 1.177300 ms
Unloading 850 unused Assets to reduce memory usage. Loaded Objects now: 212494.
Total: 149.185900 ms (FindLiveObjects: 12.491000 ms CreateObjectMapping: 8.837600 ms MarkObjects: 126.764600 ms  DeleteObjects: 1.091900 ms)

[ProjectileHitMessageClientHandler] 38908 : Wait for prediction of projectile hit of 4294979938 at tick 12648 (interpolated 12644)
Unloading 6 Unused Serialized files (Serialized files now loaded: 95)
UnloadTime: 40.462600 ms
Unloading 9678 unused Assets to reduce memory usage. Loaded Objects now: 124237.
Total: 148.270900 ms (FindLiveObjects: 6.318200 ms CreateObjectMapping: 7.980300 ms MarkObjects: 123.224200 ms  DeleteObjects: 10.747500 ms)

Unloading 0 Unused Serialized files (Serialized files now loaded: 58)
Unloading 1 unused Assets to reduce memory usage. Loaded Objects now: 124236.
Total: 131.764600 ms (FindLiveObjects: 5.870200 ms CreateObjectMapping: 7.636200 ms MarkObjects: 118.011600 ms  DeleteObjects: 0.245900 ms)

Unloading 6 Unused Serialized files (Serialized files now loaded: 58)
UnloadTime: 1.115500 ms
Unloading 852 unused Assets to reduce memory usage. Loaded Objects now: 128716.
Total: 133.661100 ms (FindLiveObjects: 6.077900 ms CreateObjectMapping: 7.656800 ms MarkObjects: 118.843700 ms  DeleteObjects: 1.082100 ms)

Unloading 3 Unused Serialized files (Serialized files now loaded: 78)
UnloadTime: 7.460000 ms
Unloading 5682 unused Assets to reduce memory usage. Loaded Objects now: 124231.
Total: 135.059700 ms (FindLiveObjects: 6.020400 ms CreateObjectMapping: 7.635500 ms MarkObjects: 114.441300 ms  DeleteObjects: 6.961900 ms)

Unloading 0 Unused Serialized files (Serialized files now loaded: 58)
Unloading 0 unused Assets to reduce memory usage. Loaded Objects now: 124231.
Total: 128.854000 ms (FindLiveObjects: 6.054400 ms CreateObjectMapping: 7.215600 ms MarkObjects: 115.351400 ms  DeleteObjects: 0.232000 ms)

Unloading 5 Unused Serialized files (Serialized files now loaded: 58)
UnloadTime: 1.198400 ms
Unloading 850 unused Assets to reduce memory usage. Loaded Objects now: 212508.
Total: 140.812000 ms (FindLiveObjects: 12.399600 ms CreateObjectMapping: 8.586100 ms MarkObjects: 118.714400 ms  DeleteObjects: 1.111400 ms)

Unloading 6 Unused Serialized files (Serialized files now loaded: 88)
UnloadTime: 39.619300 ms
Unloading 9144 unused Assets to reduce memory usage. Loaded Objects now: 124250.
Total: 145.528100 ms (FindLiveObjects: 6.800100 ms CreateObjectMapping: 8.512500 ms MarkObjects: 119.848900 ms  DeleteObjects: 10.366100 ms)

Unloading 0 Unused Serialized files (Serialized files now loaded: 58)
Unloading 0 unused Assets to reduce memory usage. Loaded Objects now: 124250.
Total: 135.497000 ms (FindLiveObjects: 5.990800 ms CreateObjectMapping: 7.750900 ms MarkObjects: 121.518600 ms  DeleteObjects: 0.235800 ms)

Unloading 6 Unused Serialized files (Serialized files now loaded: 58)
UnloadTime: 1.050000 ms
Unloading 847 unused Assets to reduce memory usage. Loaded Objects now: 128735.
Total: 135.044700 ms (FindLiveObjects: 6.274500 ms CreateObjectMapping: 7.478200 ms MarkObjects: 120.211100 ms  DeleteObjects: 1.080400 ms)

Unloading 3 Unused Serialized files (Serialized files now loaded: 76)
UnloadTime: 8.108100 ms
Unloading 5581 unused Assets to reduce memory usage. Loaded Objects now: 124303.
Total: 139.431600 ms (FindLiveObjects: 6.390300 ms CreateObjectMapping: 7.647900 ms MarkObjects: 118.321800 ms  DeleteObjects: 7.071000 ms)

Unloading 0 Unused Serialized files (Serialized files now loaded: 59)
Unloading 0 unused Assets to reduce memory usage. Loaded Objects now: 124303.
Total: 136.577400 ms (FindLiveObjects: 5.982900 ms CreateObjectMapping: 7.340100 ms MarkObjects: 123.023700 ms  DeleteObjects: 0.230100 ms)

Unloading 5 Unused Serialized files (Serialized files now loaded: 59)
UnloadTime: 1.217300 ms
Unloading 850 unused Assets to reduce memory usage. Loaded Objects now: 212580.
Total: 141.157300 ms (FindLiveObjects: 12.574600 ms CreateObjectMapping: 8.190800 ms MarkObjects: 119.305600 ms  DeleteObjects: 1.085700 ms)

Damage hit from client projectile not found (DamageHitTick=4294975672;Tick=8376)
Damage hit from client projectile not found (DamageHitTick=4294975679;Tick=8383)
Damage hit from client projectile not found (DamageHitTick=4294975686;Tick=8390)
Damage hit from client projectile not found (DamageHitTick=4294976722;Tick=9426)
Damage hit from client projectile not found (DamageHitTick=4294976730;Tick=9434)
Damage hit from client projectile not found (DamageHitTick=4294976737;Tick=9441)
Unloading 6 Unused Serialized files (Serialized files now loaded: 97)
UnloadTime: 40.588000 ms
Unloading 9601 unused Assets to reduce memory usage. Loaded Objects now: 124322.
Total: 144.283300 ms (FindLiveObjects: 6.133300 ms CreateObjectMapping: 8.441900 ms MarkObjects: 118.996900 ms  DeleteObjects: 10.710700 ms)

Unloading 0 Unused Serialized files (Serialized files now loaded: 59)
Unloading 0 unused Assets to reduce memory usage. Loaded Objects now: 124322.
Total: 129.984000 ms (FindLiveObjects: 5.911600 ms CreateObjectMapping: 7.700800 ms MarkObjects: 116.135800 ms  DeleteObjects: 0.235300 ms)

Unloading 6 Unused Serialized files (Serialized files now loaded: 59)
UnloadTime: 1.027800 ms
Unloading 852 unused Assets to reduce memory usage. Loaded Objects now: 128802.
Total: 136.381800 ms (FindLiveObjects: 6.028300 ms CreateObjectMapping: 7.647400 ms MarkObjects: 121.639200 ms  DeleteObjects: 1.066300 ms)

Unloading 3 Unused Serialized files (Serialized files now loaded: 74)
UnloadTime: 8.116800 ms
Unloading 5501 unused Assets to reduce memory usage. Loaded Objects now: 124321.
Total: 135.011300 ms (FindLiveObjects: 6.205400 ms CreateObjectMapping: 7.687500 ms MarkObjects: 114.453000 ms  DeleteObjects: 6.665000 ms)

Unloading 0 Unused Serialized files (Serialized files now loaded: 59)
Unloading 0 unused Assets to reduce memory usage. Loaded Objects now: 124321.
Total: 132.217500 ms (FindLiveObjects: 6.160600 ms CreateObjectMapping: 7.270400 ms MarkObjects: 118.531500 ms  DeleteObjects: 0.254300 ms)

Unloading 5 Unused Serialized files (Serialized files now loaded: 59)
UnloadTime: 1.261400 ms
Unloading 850 unused Assets to reduce memory usage. Loaded Objects now: 212598.
Total: 143.436000 ms (FindLiveObjects: 12.442500 ms CreateObjectMapping: 8.122300 ms MarkObjects: 121.830900 ms  DeleteObjects: 1.039800 ms)

Activate object on scene. ObjectId: 158 Tick 186
Deactivate object on scene. ObjectId: 158 Tick 13691
Unloading 6 Unused Serialized files (Serialized files now loaded: 95)
UnloadTime: 42.397900 ms
Unloading 9839 unused Assets to reduce memory usage. Loaded Objects now: 124340.
Total: 143.183700 ms (FindLiveObjects: 6.103300 ms CreateObjectMapping: 8.487500 ms MarkObjects: 117.878500 ms  DeleteObjects: 10.713700 ms)

Unloading 0 Unused Serialized files (Serialized files now loaded: 59)
Unloading 0 unused Assets to reduce memory usage. Loaded Objects now: 124340.
Total: 131.383700 ms (FindLiveObjects: 5.888700 ms CreateObjectMapping: 7.557600 ms MarkObjects: 117.645100 ms  DeleteObjects: 0.291500 ms)

Unloading 6 Unused Serialized files (Serialized files now loaded: 59)
UnloadTime: 1.129100 ms
Unloading 852 unused Assets to reduce memory usage. Loaded Objects now: 128820.
Total: 132.579500 ms (FindLiveObjects: 6.016500 ms CreateObjectMapping: 7.478800 ms MarkObjects: 117.933700 ms  DeleteObjects: 1.149700 ms)

Unloading 3 Unused Serialized files (Serialized files now loaded: 76)
UnloadTime: 8.090400 ms
Unloading 5513 unused Assets to reduce memory usage. Loaded Objects now: 124354.
Total: 100.181400 ms (FindLiveObjects: 5.931600 ms CreateObjectMapping: 7.961400 ms MarkObjects: 79.791400 ms  DeleteObjects: 6.496200 ms)

Unloading 0 Unused Serialized files (Serialized files now loaded: 59)
Unloading 0 unused Assets to reduce memory usage. Loaded Objects now: 124354.
Total: 129.960200 ms (FindLiveObjects: 5.783700 ms CreateObjectMapping: 7.390900 ms MarkObjects: 116.569000 ms  DeleteObjects: 0.216000 ms)

Unloading 5 Unused Serialized files (Serialized files now loaded: 59)
UnloadTime: 1.245100 ms
Unloading 850 unused Assets to reduce memory usage. Loaded Objects now: 212631.
Total: 142.199700 ms (FindLiveObjects: 12.765200 ms CreateObjectMapping: 7.934300 ms MarkObjects: 120.402500 ms  DeleteObjects: 1.097000 ms)

Activate object on scene. ObjectId: 211 Tick 183
Activate object on scene. ObjectId: 389 Tick 183
Activate object on scene. ObjectId: 389 Tick 183
Activate object on scene. ObjectId: 389 Tick 183
Activate object on scene. ObjectId: 389 Tick 183
Activate object on scene. ObjectId: 389 Tick 183
Activate object on scene. ObjectId: 389 Tick 183
Activate object on scene. ObjectId: 389 Tick 183
Activate object on scene. ObjectId: 389 Tick 183
[ProjectileHitMessageClientHandler] 195580 : Wait for prediction of projectile hit of 4294971717 at tick 4426 (interpolated 4422)
[ProjectileHitMessageClientHandler] 195580 : Wait for prediction of projectile hit of 4294971717 at tick 4427 (interpolated 4422)
[ProjectileHitMessageClientHandler] 195580 : Wait for prediction of projectile hit of 4294971717 at tick 4427 (interpolated 4423)
[ProjectileHitMessageClientHandler] 195580 : Wait for prediction of projectile hit of 4294971717 at tick 4428 (interpolated 4423)
[ProjectileHitMessageClientHandler] 195580 : Wait for prediction of projectile hit of 4294971717 at tick 4428 (interpolated 4424)
[ProjectileHitMessageClientHandler] 195580 : Wait for prediction of projectile hit of 4294971717 at tick 4429 (interpolated 4424)
[ProjectileHitMessageClientHandler] 195580 : Wait for prediction of projectile hit of 4294971717 at tick 4429 (interpolated 4425)
[ProjectileHitMessageClientHandler] 195580 : Wait for prediction of projectile hit of 4294971717 at tick 4430 (interpolated 4425)
[ProjectileHitMessageClientHandler] 195580 : Wait for prediction of projectile hit of 4294971717 at tick 4430 (interpolated 4426)
[ProjectileHitMessageClientHandler] 195580 : Wait for prediction of projectile hit of 4294971717 at tick 4431 (interpolated 4426)
[ProjectileHitMessageClientHandler] 195580 : Wait for prediction of projectile hit of 4294971717 at tick 4431 (interpolated 4427)
[ProjectileHitMessageClientHandler] 195580 : Wait for prediction of projectile hit of 4294971717 at tick 4432 (interpolated 4427)
[ProjectileHitMessageClientHandler] 195580 : Wait for prediction of projectile hit of 4294971717 at tick 4432 (interpolated 4428)
[ProjectileHitMessageClientHandler] 195580 : Wait for prediction of projectile hit of 4294971717 at tick 4433 (interpolated 4428)
[ProjectileHitMessageClientHandler] 195580 : Wait for prediction of projectile hit of 4294971717 at tick 4433 (interpolated 4429)
[ProjectileHitMessageClientHandler] 195580 : Wait for prediction of projectile hit of 4294971717 at tick 4434 (interpolated 4429)
[ProjectileHitMessageClientHandler] 195580 : Wait for prediction of projectile hit of 4294971717 at tick 4434 (interpolated 4430)
[ProjectileHitMessageClientHandler] 195580 : Wait for prediction of projectile hit of 4294971717 at tick 4435 (interpolated 4430)
[ProjectileHitMessageClientHandler] 195580 : Wait for prediction of projectile hit of 4294971717 at tick 4435 (interpolated 4431)
[ProjectileHitMessageClientHandler] 195580 : Wait for prediction of projectile hit of 4294971717 at tick 4436 (interpolated 4431)
[ProjectileHitMessageClientHandler] 195580 : Wait for prediction of projectile hit of 4294971717 at tick 4436 (interpolated 4432)
[ProjectileHitMessageClientHandler] 195580 : Wait for prediction of projectile hit of 4294971717 at tick 4437 (interpolated 4432)
[ProjectileHitMessageClientHandler] 195580 : Wait for prediction of projectile hit of 4294971717 at tick 4437 (interpolated 4433)
[ProjectileHitMessageClientHandler] 195580 : Wait for prediction of projectile hit of 4294971717 at tick 4438 (interpolated 4433)
[ProjectileHitMessageClientHandler] 195580 : Wait for prediction of projectile hit of 4294971717 at tick 4438 (interpolated 4434)
[ProjectileHitMessageClientHandler] 195580 : Wait for prediction of projectile hit of 4294971717 at tick 4439 (interpolated 4434)
[ProjectileHitMessageClientHandler] 195580 : Wait for prediction of projectile hit of 4294971717 at tick 4439 (interpolated 4435)
[ProjectileHitMessageClientHandler] 195580 : Wait for prediction of projectile hit of 4294971717 at tick 4440 (interpolated 4435)
[ProjectileHitMessageClientHandler] 195580 : Wait for prediction of projectile hit of 4294971717 at tick 4440 (interpolated 4436)
[ProjectileHitMessageClientHandler] 195580 : Wait for prediction of projectile hit of 4294971717 at tick 4441 (interpolated 4436)
[ProjectileHitMessageClientHandler] 195580 : Wait for prediction of projectile hit of 4294971717 at tick 4441 (interpolated 4437)
[ProjectileHitMessageClientHandler] 195580 : Wait for prediction of projectile hit of 4294971717 at tick 4442 (interpolated 4437)
[ProjectileHitMessageClientHandler] 195580 : Wait for prediction of projectile hit of 4294971717 at tick 4442 (interpolated 4438)
[ProjectileHitMessageClientHandler] 195580 : Wait for prediction of projectile hit of 4294971717 at tick 4443 (interpolated 4438)
[ProjectileHitMessageClientHandler] 195580 : Wait for prediction of projectile hit of 4294971717 at tick 4443 (interpolated 4439)
[ProjectileHitMessageClientHandler] 195580 : Wait for prediction of projectile hit of 4294971717 at tick 4444 (interpolated 4439)
[ProjectileHitMessageClientHandler] 195580 : Wait for prediction of projectile hit of 4294971717 at tick 4444 (interpolated 4440)
[ProjectileHitMessageClientHandler] 195580 : Wait for prediction of projectile hit of 4294971717 at tick 4445 (interpolated 4440)
[ProjectileHitMessageClientHandler] 195580 : Wait for prediction of projectile hit of 4294971717 at tick 4445 (interpolated 4441)
[ProjectileHitMessageClientHandler] 195580 : Wait for prediction of projectile hit of 4294971717 at tick 4446 (interpolated 4441)
[ProjectileHitMessageClientHandler] 195580 : Wait for prediction of projectile hit of 4294971717 at tick 4446 (interpolated 4442)
[ProjectileHitMessageClientHandler] 195580 : Wait for prediction of projectile hit of 4294971717 at tick 4447 (interpolated 4442)
[ProjectileHitMessageClientHandler] 195580 : Wait for prediction of projectile hit of 4294971717 at tick 4447 (interpolated 4443)
[ProjectileHitMessageClientHandler] 195580 : Wait for prediction of projectile hit of 4294971717 at tick 4448 (interpolated 4443)
[ProjectileHitMessageClientHandler] 195580 : Wait for prediction of projectile hit of 4294971717 at tick 4448 (interpolated 4444)
[ProjectileHitMessageClientHandler] 195580 : Wait for prediction of projectile hit of 4294971717 at tick 4449 (interpolated 4444)
[ProjectileHitMessageClientHandler] 195580 : Wait for prediction of projectile hit of 4294971717 at tick 4449 (interpolated 4445)
[ProjectileHitMessageClientHandler] 195580 : Wait for prediction of projectile hit of 4294971717 at tick 4450 (interpolated 4445)
[ProjectileHitMessageClientHandler] 195580 : Wait for prediction of projectile hit of 4294971717 at tick 4450 (interpolated 4446)
[ProjectileHitMessageClientHandler] 195580 : Wait for prediction of projectile hit of 4294971717 at tick 4451 (interpolated 4446)
[ProjectileHitMessageClientHandler] 195580 : Wait for prediction of projectile hit of 4294971717 at tick 4451 (interpolated 4447)
[ProjectileHitMessageClientHandler] 195580 : Wait for prediction of projectile hit of 4294971717 at tick 4452 (interpolated 4447)
[ProjectileHitMessageClientHandler] 195580 : Wait for prediction of projectile hit of 4294971717 at tick 4452 (interpolated 4448)
[ProjectileHitMessageClientHandler] 195580 : Wait for prediction of projectile hit of 4294971717 at tick 4453 (interpolated 4448)
[ProjectileHitMessageClientHandler] 195580 : Wait for prediction of projectile hit of 4294971717 at tick 4453 (interpolated 4449)
[ProjectileHitMessageClientHandler] 195580 : Wait for prediction of projectile hit of 4294971717 at tick 4454 (interpolated 4449)
[ProjectileHitMessageClientHandler] 195580 : Wait for prediction of projectile hit of 4294971717 at tick 4454 (interpolated 4450)
[ProjectileHitMessageClientHandler] 195580 : Wait for prediction of projectile hit of 4294971717 at tick 4455 (interpolated 4450)
[ProjectileHitMessageClientHandler] 195580 : Wait for prediction of projectile hit of 4294971717 at tick 4455 (interpolated 4451)
[ProjectileHitMessageClientHandler] 195580 : Wait for prediction of projectile hit of 4294971717 at tick 4456 (interpolated 4451)
[ProjectileHitMessageClientHandler] 195580 : Wait for prediction of projectile hit of 4294971717 at tick 4456 (interpolated 4452)
[ProjectileHitMessageClientHandler] 195580 : Wait for prediction of projectile hit of 4294971717 at tick 4457 (interpolated 4452)
[ProjectileHitMessageClientHandler] 195580 : Wait for prediction of projectile hit of 4294971717 at tick 4457 (interpolated 4453)
[ProjectileHitMessageClientHandler] 195580 : Wait for prediction of projectile hit of 4294971717 at tick 4458 (interpolated 4453)
[ProjectileHitMessageClientHandler] 195580 : Wait for prediction of projectile hit of 4294971717 at tick 4458 (interpolated 4454)
[ProjectileHitMessageClientHandler] 195580 : Wait for prediction of projectile hit of 4294971717 at tick 4459 (interpolated 4454)
[ProjectileHitMessageClientHandler] 195580 : Wait for prediction of projectile hit of 4294971717 at tick 4459 (interpolated 4455)
[ProjectileHitMessageClientHandler] 195580 : Wait for prediction of projectile hit of 4294971717 at tick 4460 (interpolated 4455)
[ProjectileHitMessageClientHandler] 195580 : Wait for prediction of projectile hit of 4294971717 at tick 4460 (interpolated 4456)
[ProjectileHitMessageClientHandler] 195580 : Wait for prediction of projectile hit of 4294971717 at tick 4461 (interpolated 4456)
[ProjectileHitMessageClientHandler] 195580 : Wait for prediction of projectile hit of 4294971717 at tick 4461 (interpolated 4457)
[ProjectileHitMessageClientHandler] 195580 : Wait for prediction of projectile hit of 4294971717 at tick 4462 (interpolated 4457)
[ProjectileHitMessageClientHandler] 195580 : Wait for prediction of projectile hit of 4294971717 at tick 4462 (interpolated 4458)
Unloading 6 Unused Serialized files (Serialized files now loaded: 97)
UnloadTime: 42.144400 ms
Unloading 9658 unused Assets to reduce memory usage. Loaded Objects now: 124380.
Total: 148.119700 ms (FindLiveObjects: 7.200300 ms CreateObjectMapping: 8.386600 ms MarkObjects: 121.208100 ms  DeleteObjects: 11.324300 ms)

Unloading 0 Unused Serialized files (Serialized files now loaded: 59)
Unloading 0 unused Assets to reduce memory usage. Loaded Objects now: 124380.
Total: 134.177400 ms (FindLiveObjects: 5.987200 ms CreateObjectMapping: 7.323500 ms MarkObjects: 120.638000 ms  DeleteObjects: 0.228100 ms)

Unloading 6 Unused Serialized files (Serialized files now loaded: 59)
UnloadTime: 1.052000 ms
Unloading 847 unused Assets to reduce memory usage. Loaded Objects now: 128865.
Total: 139.006900 ms (FindLiveObjects: 6.141800 ms CreateObjectMapping: 7.562000 ms MarkObjects: 124.274300 ms  DeleteObjects: 1.028200 ms)

Unloading 3 Unused Serialized files (Serialized files now loaded: 74)
UnloadTime: 8.645100 ms
Unloading 5467 unused Assets to reduce memory usage. Loaded Objects now: 124394.
Total: 136.307900 ms (FindLiveObjects: 5.831200 ms CreateObjectMapping: 7.705000 ms MarkObjects: 116.398900 ms  DeleteObjects: 6.372000 ms)

Unloading 0 Unused Serialized files (Serialized files now loaded: 59)
Unloading 0 unused Assets to reduce memory usage. Loaded Objects now: 124394.
Total: 130.631100 ms (FindLiveObjects: 6.084800 ms CreateObjectMapping: 7.261300 ms MarkObjects: 116.976300 ms  DeleteObjects: 0.308100 ms)

Unloading 5 Unused Serialized files (Serialized files now loaded: 59)
UnloadTime: 1.369100 ms
Unloading 850 unused Assets to reduce memory usage. Loaded Objects now: 212671.
Total: 141.588000 ms (FindLiveObjects: 12.657400 ms CreateObjectMapping: 8.315900 ms MarkObjects: 119.490000 ms  DeleteObjects: 1.123800 ms)

Activate object on scene. ObjectId: 211 Tick 180
Activate object on scene. ObjectId: 389 Tick 180
Activate object on scene. ObjectId: 389 Tick 180
Activate object on scene. ObjectId: 389 Tick 180
Activate object on scene. ObjectId: 389 Tick 180
Activate object on scene. ObjectId: 389 Tick 180
Activate object on scene. ObjectId: 389 Tick 180
Activate object on scene. ObjectId: 389 Tick 180
Activate object on scene. ObjectId: 389 Tick 180
Activate object on scene. ObjectId: 210 Tick 180
[ProjectileHitMessageClientHandler] 256857 : Wait for prediction of projectile hit of 4294970021 at tick 2731 (interpolated 2727)
[ProjectileHitMessageClientHandler] 256857 : Wait for prediction of projectile hit of 4294970021 at tick 2732 (interpolated 2727)
[ProjectileHitMessageClientHandler] 256857 : Wait for prediction of projectile hit of 4294970021 at tick 2732 (interpolated 2728)
[ProjectileHitMessageClientHandler] 256857 : Wait for prediction of projectile hit of 4294970021 at tick 2733 (interpolated 2728)
[ProjectileHitMessageClientHandler] 256857 : Wait for prediction of projectile hit of 4294970021 at tick 2733 (interpolated 2729)
[ProjectileHitMessageClientHandler] 256857 : Wait for prediction of projectile hit of 4294970101 at tick 2811 (interpolated 2807)
Look rotation viewing vector is zero
Unloading 6 Unused Serialized files (Serialized files now loaded: 94)
UnloadTime: 40.860800 ms
Unloading 9329 unused Assets to reduce memory usage. Loaded Objects now: 124415.
Total: 143.437600 ms (FindLiveObjects: 6.487500 ms CreateObjectMapping: 8.540600 ms MarkObjects: 117.576000 ms  DeleteObjects: 10.833000 ms)

Unloading 0 Unused Serialized files (Serialized files now loaded: 59)
Unloading 0 unused Assets to reduce memory usage. Loaded Objects now: 124415.
Total: 134.267100 ms (FindLiveObjects: 5.923500 ms CreateObjectMapping: 7.606100 ms MarkObjects: 120.510800 ms  DeleteObjects: 0.226000 ms)

Unloading 6 Unused Serialized files (Serialized files now loaded: 59)
UnloadTime: 1.121700 ms
Unloading 847 unused Assets to reduce memory usage. Loaded Objects now: 128900.
Total: 133.939700 ms (FindLiveObjects: 5.948000 ms CreateObjectMapping: 7.468800 ms MarkObjects: 119.430200 ms  DeleteObjects: 1.092100 ms)

Unloading 3 Unused Serialized files (Serialized files now loaded: 77)
UnloadTime: 8.439600 ms
Unloading 5476 unused Assets to reduce memory usage. Loaded Objects now: 124412.
Total: 137.202000 ms (FindLiveObjects: 6.190300 ms CreateObjectMapping: 7.938200 ms MarkObjects: 116.415200 ms  DeleteObjects: 6.657700 ms)

Unloading 0 Unused Serialized files (Serialized files now loaded: 59)
Unloading 0 unused Assets to reduce memory usage. Loaded Objects now: 124412.
Total: 131.105300 ms (FindLiveObjects: 6.081100 ms CreateObjectMapping: 7.561200 ms MarkObjects: 117.234700 ms  DeleteObjects: 0.227500 ms)

Unloading 5 Unused Serialized files (Serialized files now loaded: 59)
UnloadTime: 1.230100 ms
Unloading 850 unused Assets to reduce memory usage. Loaded Objects now: 212689.
Total: 142.964700 ms (FindLiveObjects: 12.691400 ms CreateObjectMapping: 7.935200 ms MarkObjects: 121.244200 ms  DeleteObjects: 1.093400 ms)

Activate object on scene. ObjectId: 211 Tick 186
Activate object on scene. ObjectId: 389 Tick 186
Activate object on scene. ObjectId: 389 Tick 186
Activate object on scene. ObjectId: 389 Tick 186
Activate object on scene. ObjectId: 389 Tick 186
Activate object on scene. ObjectId: 389 Tick 186
Activate object on scene. ObjectId: 389 Tick 186
Activate object on scene. ObjectId: 389 Tick 186
Activate object on scene. ObjectId: 389 Tick 186
Activate object on scene. ObjectId: 210 Tick 186
Damage hit from client projectile not found (DamageHitTick=4294970620;Tick=3324)
Damage hit from client projectile not found (DamageHitTick=4294970637;Tick=3341)
[ProjectileHitMessageClientHandler] 331037 : Wait for prediction of projectile hit of 4294972001 at tick 4712 (interpolated 4708)
[ProjectileHitMessageClientHandler] 331037 : Wait for prediction of projectile hit of 4294972001 at tick 4713 (interpolated 4708)
[ProjectileHitMessageClientHandler] 331037 : Wait for prediction of projectile hit of 4294972001 at tick 4713 (interpolated 4709)
[ProjectileHitMessageClientHandler] 331037 : Wait for prediction of projectile hit of 4294972001 at tick 4714 (interpolated 4709)
[ProjectileHitMessageClientHandler] 331037 : Wait for prediction of projectile hit of 4294972001 at tick 4714 (interpolated 4710)
[ProjectileHitMessageClientHandler] 331037 : Wait for prediction of projectile hit of 4294972001 at tick 4715 (interpolated 4710)
[ProjectileHitMessageClientHandler] 331037 : Wait for prediction of projectile hit of 4294972001 at tick 4715 (interpolated 4711)
[ProjectileHitMessageClientHandler] 331037 : Wait for prediction of projectile hit of 4294972001 at tick 4716 (interpolated 4711)
[ProjectileHitMessageClientHandler] 331037 : Wait for prediction of projectile hit of 4294972001 at tick 4716 (interpolated 4712)
[ProjectileHitMessageClientHandler] 331037 : Wait for prediction of projectile hit of 4294972001 at tick 4717 (interpolated 4712)
[ProjectileHitMessageClientHandler] 331037 : Wait for prediction of projectile hit of 4294972001 at tick 4717 (interpolated 4713)
[ProjectileHitMessageClientHandler] 331037 : Wait for prediction of projectile hit of 4294972001 at tick 4718 (interpolated 4713)
[ProjectileHitMessageClientHandler] 331037 : Wait for prediction of projectile hit of 4294972001 at tick 4718 (interpolated 4714)
[ProjectileHitMessageClientHandler] 331037 : Wait for prediction of projectile hit of 4294972001 at tick 4719 (interpolated 4714)
[ProjectileHitMessageClientHandler] 331037 : Wait for prediction of projectile hit of 4294972001 at tick 4719 (interpolated 4715)
[ProjectileHitMessageClientHandler] 331037 : Wait for prediction of projectile hit of 4294972001 at tick 4720 (interpolated 4715)
[ProjectileHitMessageClientHandler] 331037 : Wait for prediction of projectile hit of 4294972001 at tick 4720 (interpolated 4716)
[ProjectileHitMessageClientHandler] 331037 : Wait for prediction of projectile hit of 4294972001 at tick 4721 (interpolated 4716)
[ProjectileHitMessageClientHandler] 331037 : Wait for prediction of projectile hit of 4294972001 at tick 4721 (interpolated 4717)
[ProjectileHitMessageClientHandler] 331037 : Wait for prediction of projectile hit of 4294972001 at tick 4722 (interpolated 4717)
[ProjectileHitMessageClientHandler] 331037 : Wait for prediction of projectile hit of 4294972001 at tick 4722 (interpolated 4718)
[ProjectileHitMessageClientHandler] 331037 : Wait for prediction of projectile hit of 4294972001 at tick 4723 (interpolated 4718)
[ProjectileHitMessageClientHandler] 331037 : Wait for prediction of projectile hit of 4294972001 at tick 4723 (interpolated 4719)
[ProjectileHitMessageClientHandler] 331037 : Wait for prediction of projectile hit of 4294972001 at tick 4724 (interpolated 4719)
[ProjectileHitMessageClientHandler] 331037 : Wait for prediction of projectile hit of 4294972001 at tick 4724 (interpolated 4720)
[ProjectileHitMessageClientHandler] 331037 : Wait for prediction of projectile hit of 4294972001 at tick 4725 (interpolated 4720)
[ProjectileHitMessageClientHandler] 331037 : Wait for prediction of projectile hit of 4294972001 at tick 4725 (interpolated 4721)
[ProjectileHitMessageClientHandler] 331037 : Wait for prediction of projectile hit of 4294972001 at tick 4726 (interpolated 4721)
[ProjectileHitMessageClientHandler] 331037 : Wait for prediction of projectile hit of 4294972001 at tick 4726 (interpolated 4722)
[ProjectileHitMessageClientHandler] 331037 : Wait for prediction of projectile hit of 4294972001 at tick 4727 (interpolated 4722)
[ProjectileHitMessageClientHandler] 331037 : Wait for prediction of projectile hit of 4294972001 at tick 4727 (interpolated 4723)
[ProjectileHitMessageClientHandler] 331037 : Wait for prediction of projectile hit of 4294972001 at tick 4728 (interpolated 4723)
[ProjectileHitMessageClientHandler] 331037 : Wait for prediction of projectile hit of 4294972001 at tick 4728 (interpolated 4724)
[ProjectileHitMessageClientHandler] 331037 : Wait for prediction of projectile hit of 4294972001 at tick 4729 (interpolated 4724)
[ProjectileHitMessageClientHandler] 331037 : Wait for prediction of projectile hit of 4294977441 at tick 10151 (interpolated 10147)
Deactivate object on scene. ObjectId: 389 Tick 21381
Activate object on scene. ObjectId: 389 Tick 21382
Activate object on scene. ObjectId: 389 Tick 21382
Activate object on scene. ObjectId: 389 Tick 21382
Activate object on scene. ObjectId: 389 Tick 21382
Activate object on scene. ObjectId: 389 Tick 21382
Activate object on scene. ObjectId: 389 Tick 21382
Activate object on scene. ObjectId: 389 Tick 21382
Activate object on scene. ObjectId: 389 Tick 21382
Deactivate object on scene. ObjectId: 389 Tick 21549
Activate object on scene. ObjectId: 389 Tick 21550
Activate object on scene. ObjectId: 389 Tick 21550
Activate object on scene. ObjectId: 389 Tick 21550
Activate object on scene. ObjectId: 389 Tick 21550
Activate object on scene. ObjectId: 389 Tick 21550
Activate object on scene. ObjectId: 389 Tick 21550
Activate object on scene. ObjectId: 389 Tick 21550
Deactivate object on scene. ObjectId: 389 Tick 21716
Activate object on scene. ObjectId: 389 Tick 21717
Activate object on scene. ObjectId: 389 Tick 21717
Activate object on scene. ObjectId: 389 Tick 21717
Activate object on scene. ObjectId: 389 Tick 21717
Activate object on scene. ObjectId: 389 Tick 21717
Activate object on scene. ObjectId: 389 Tick 21717
Activate object on scene. ObjectId: 389 Tick 21717
Unloading 6 Unused Serialized files (Serialized files now loaded: 101)
UnloadTime: 41.644200 ms
Unloading 9151 unused Assets to reduce memory usage. Loaded Objects now: 124421.
Total: 143.602600 ms (FindLiveObjects: 6.061900 ms CreateObjectMapping: 8.321600 ms MarkObjects: 119.162800 ms  DeleteObjects: 10.055700 ms)

Unloading 0 Unused Serialized files (Serialized files now loaded: 59)
Unloading 0 unused Assets to reduce memory usage. Loaded Objects now: 124421.
Total: 129.798700 ms (FindLiveObjects: 5.565000 ms CreateObjectMapping: 7.376000 ms MarkObjects: 116.629900 ms  DeleteObjects: 0.227300 ms)

Unloading 6 Unused Serialized files (Serialized files now loaded: 59)
UnloadTime: 1.138200 ms
Unloading 847 unused Assets to reduce memory usage. Loaded Objects now: 128906.
Total: 134.974500 ms (FindLiveObjects: 6.027400 ms CreateObjectMapping: 7.345100 ms MarkObjects: 120.442600 ms  DeleteObjects: 1.158000 ms)

Unloading 3 Unused Serialized files (Serialized files now loaded: 78)
UnloadTime: 8.176700 ms
Unloading 5474 unused Assets to reduce memory usage. Loaded Objects now: 124418.
Total: 141.224800 ms (FindLiveObjects: 5.814500 ms CreateObjectMapping: 7.894100 ms MarkObjects: 120.240500 ms  DeleteObjects: 7.275200 ms)

Unloading 0 Unused Serialized files (Serialized files now loaded: 59)
Unloading 0 unused Assets to reduce memory usage. Loaded Objects now: 124418.
Total: 136.475300 ms (FindLiveObjects: 5.846100 ms CreateObjectMapping: 7.348700 ms MarkObjects: 123.053200 ms  DeleteObjects: 0.226800 ms)

Unloading 5 Unused Serialized files (Serialized files now loaded: 59)
UnloadTime: 1.363400 ms
Unloading 850 unused Assets to reduce memory usage. Loaded Objects now: 212695.
Total: 143.670500 ms (FindLiveObjects: 12.576400 ms CreateObjectMapping: 7.929500 ms MarkObjects: 122.027900 ms  DeleteObjects: 1.136200 ms)

Activate object on scene. ObjectId: 211 Tick 182
Activate object on scene. ObjectId: 389 Tick 182
Activate object on scene. ObjectId: 389 Tick 182
Activate object on scene. ObjectId: 389 Tick 182
Activate object on scene. ObjectId: 389 Tick 182
Activate object on scene. ObjectId: 389 Tick 182
Activate object on scene. ObjectId: 389 Tick 182
Activate object on scene. ObjectId: 389 Tick 182
Activate object on scene. ObjectId: 210 Tick 182
Unloading 6 Unused Serialized files (Serialized files now loaded: 98)
UnloadTime: 45.320300 ms
Unloading 10285 unused Assets to reduce memory usage. Loaded Objects now: 124423.
Total: 146.224500 ms (FindLiveObjects: 6.458600 ms CreateObjectMapping: 8.255700 ms MarkObjects: 119.813700 ms  DeleteObjects: 11.696000 ms)

Unloading 0 Unused Serialized files (Serialized files now loaded: 59)
Unloading 0 unused Assets to reduce memory usage. Loaded Objects now: 124423.
Total: 130.881200 ms (FindLiveObjects: 5.816500 ms CreateObjectMapping: 7.751100 ms MarkObjects: 117.045700 ms  DeleteObjects: 0.267100 ms)

Unloading 6 Unused Serialized files (Serialized files now loaded: 59)
UnloadTime: 1.179500 ms
Unloading 852 unused Assets to reduce memory usage. Loaded Objects now: 128903.
Total: 131.528100 ms (FindLiveObjects: 6.079500 ms CreateObjectMapping: 7.799400 ms MarkObjects: 116.426600 ms  DeleteObjects: 1.221900 ms)

Unloading 3 Unused Serialized files (Serialized files now loaded: 77)
UnloadTime: 3.262000 ms
Unloading 5456 unused Assets to reduce memory usage. Loaded Objects now: 124418.
Total: 136.739100 ms (FindLiveObjects: 6.095700 ms CreateObjectMapping: 8.075900 ms MarkObjects: 115.991100 ms  DeleteObjects: 6.575700 ms)

Unloading 0 Unused Serialized files (Serialized files now loaded: 59)
Unloading 0 unused Assets to reduce memory usage. Loaded Objects now: 124418.
Total: 129.416700 ms (FindLiveObjects: 5.608800 ms CreateObjectMapping: 7.467000 ms MarkObjects: 116.073500 ms  DeleteObjects: 0.265300 ms)

Unloading 5 Unused Serialized files (Serialized files now loaded: 59)
UnloadTime: 1.367700 ms
Unloading 850 unused Assets to reduce memory usage. Loaded Objects now: 212695.
Total: 140.443100 ms (FindLiveObjects: 13.174400 ms CreateObjectMapping: 7.998000 ms MarkObjects: 118.224100 ms  DeleteObjects: 1.046200 ms)

Activate object on scene. ObjectId: 211 Tick 183
Activate object on scene. ObjectId: 389 Tick 183
Activate object on scene. ObjectId: 389 Tick 183
Activate object on scene. ObjectId: 389 Tick 183
Activate object on scene. ObjectId: 389 Tick 183
Activate object on scene. ObjectId: 389 Tick 183
Activate object on scene. ObjectId: 389 Tick 183
Activate object on scene. ObjectId: 389 Tick 183
Activate object on scene. ObjectId: 210 Tick 183
Deactivate object on scene. ObjectId: 389 Tick 515
Activate object on scene. ObjectId: 389 Tick 516
Activate object on scene. ObjectId: 389 Tick 516
Activate object on scene. ObjectId: 389 Tick 516
Activate object on scene. ObjectId: 389 Tick 516
Activate object on scene. ObjectId: 389 Tick 516
Activate object on scene. ObjectId: 389 Tick 516
Deactivate object on scene. ObjectId: 389 Tick 690
Activate object on scene. ObjectId: 389 Tick 691
Activate object on scene. ObjectId: 389 Tick 691
Activate object on scene. ObjectId: 389 Tick 691
Activate object on scene. ObjectId: 389 Tick 691
Activate object on scene. ObjectId: 389 Tick 691
Activate object on scene. ObjectId: 389 Tick 691
Deactivate object on scene. ObjectId: 389 Tick 869
Activate object on scene. ObjectId: 389 Tick 870
Activate object on scene. ObjectId: 389 Tick 870
Activate object on scene. ObjectId: 389 Tick 870
Activate object on scene. ObjectId: 389 Tick 870
Activate object on scene. ObjectId: 389 Tick 870
Deactivate object on scene. ObjectId: 389 Tick 1024
Activate object on scene. ObjectId: 389 Tick 1025
Activate object on scene. ObjectId: 389 Tick 1025
Activate object on scene. ObjectId: 389 Tick 1025
Activate object on scene. ObjectId: 389 Tick 1025
Deactivate object on scene. ObjectId: 389 Tick 2104
Activate object on scene. ObjectId: 389 Tick 2105
Activate object on scene. ObjectId: 389 Tick 2105
Activate object on scene. ObjectId: 389 Tick 2105
Deactivate object on scene. ObjectId: 389 Tick 3999
Activate object on scene. ObjectId: 389 Tick 4000
Activate object on scene. ObjectId: 389 Tick 4000
Unloading 6 Unused Serialized files (Serialized files now loaded: 96)
UnloadTime: 39.065400 ms
Unloading 9105 unused Assets to reduce memory usage. Loaded Objects now: 124424.
Total: 145.089700 ms (FindLiveObjects: 6.257600 ms CreateObjectMapping: 8.027200 ms MarkObjects: 119.662100 ms  DeleteObjects: 11.142200 ms)

Unloading 0 Unused Serialized files (Serialized files now loaded: 59)
Unloading 1 unused Assets to reduce memory usage. Loaded Objects now: 124423.
Total: 138.041600 ms (FindLiveObjects: 6.026300 ms CreateObjectMapping: 7.562100 ms MarkObjects: 124.215700 ms  DeleteObjects: 0.237000 ms)

Unloading 6 Unused Serialized files (Serialized files now loaded: 59)
UnloadTime: 1.207300 ms
Unloading 852 unused Assets to reduce memory usage. Loaded Objects now: 128903.
Total: 131.978800 ms (FindLiveObjects: 6.217100 ms CreateObjectMapping: 7.552800 ms MarkObjects: 117.164200 ms  DeleteObjects: 1.043700 ms)

Unloading 3 Unused Serialized files (Serialized files now loaded: 78)
UnloadTime: 8.127300 ms
Unloading 5467 unused Assets to reduce memory usage. Loaded Objects now: 124420.
Total: 138.186200 ms (FindLiveObjects: 6.387600 ms CreateObjectMapping: 7.862900 ms MarkObjects: 117.092700 ms  DeleteObjects: 6.842400 ms)

Unloading 0 Unused Serialized files (Serialized files now loaded: 59)
Unloading 0 unused Assets to reduce memory usage. Loaded Objects now: 124420.
Total: 130.745000 ms (FindLiveObjects: 6.218200 ms CreateObjectMapping: 7.171200 ms MarkObjects: 117.103200 ms  DeleteObjects: 0.251700 ms)

Unloading 5 Unused Serialized files (Serialized files now loaded: 59)
UnloadTime: 1.342000 ms
Unloading 850 unused Assets to reduce memory usage. Loaded Objects now: 212697.
Total: 140.088000 ms (FindLiveObjects: 12.534300 ms CreateObjectMapping: 8.080900 ms MarkObjects: 118.372300 ms  DeleteObjects: 1.099800 ms)

Activate object on scene. ObjectId: 211 Tick 178
Activate object on scene. ObjectId: 389 Tick 178
Activate object on scene. ObjectId: 389 Tick 178
Activate object on scene. ObjectId: 210 Tick 178
Unloading 6 Unused Serialized files (Serialized files now loaded: 101)
UnloadTime: 40.049200 ms
Unloading 9029 unused Assets to reduce memory usage. Loaded Objects now: 124420.
Total: 142.562400 ms (FindLiveObjects: 6.256800 ms CreateObjectMapping: 8.199900 ms MarkObjects: 118.740000 ms  DeleteObjects: 9.365200 ms)

Unloading 0 Unused Serialized files (Serialized files now loaded: 59)
Unloading 0 unused Assets to reduce memory usage. Loaded Objects now: 124420.
Total: 130.424800 ms (FindLiveObjects: 5.997700 ms CreateObjectMapping: 7.656100 ms MarkObjects: 116.550600 ms  DeleteObjects: 0.219500 ms)

Unloading 6 Unused Serialized files (Serialized files now loaded: 59)
UnloadTime: 1.245000 ms
Unloading 847 unused Assets to reduce memory usage. Loaded Objects now: 128905.
Total: 132.477600 ms (FindLiveObjects: 6.016200 ms CreateObjectMapping: 7.536500 ms MarkObjects: 117.857300 ms  DeleteObjects: 1.067100 ms)

Unloading 3 Unused Serialized files (Serialized files now loaded: 77)
UnloadTime: 3.807700 ms
Unloading 5466 unused Assets to reduce memory usage. Loaded Objects now: 124420.
Total: 136.287000 ms (FindLiveObjects: 6.115100 ms CreateObjectMapping: 7.793800 ms MarkObjects: 115.543300 ms  DeleteObjects: 6.834400 ms)

Unloading 0 Unused Serialized files (Serialized files now loaded: 59)
Unloading 0 unused Assets to reduce memory usage. Loaded Objects now: 124420.
Total: 130.899600 ms (FindLiveObjects: 6.127600 ms CreateObjectMapping: 7.336800 ms MarkObjects: 117.202200 ms  DeleteObjects: 0.232600 ms)

Unloading 5 Unused Serialized files (Serialized files now loaded: 59)
UnloadTime: 1.537300 ms
Unloading 850 unused Assets to reduce memory usage. Loaded Objects now: 212697.
Total: 142.711300 ms (FindLiveObjects: 12.525800 ms CreateObjectMapping: 7.988600 ms MarkObjects: 121.119300 ms  DeleteObjects: 1.076800 ms)

Activate object on scene. ObjectId: 211 Tick 183
Activate object on scene. ObjectId: 389 Tick 183
Activate object on scene. ObjectId: 389 Tick 183
Activate object on scene. ObjectId: 210 Tick 183
Unloading 6 Unused Serialized files (Serialized files now loaded: 90)
UnloadTime: 40.258600 ms
Unloading 9152 unused Assets to reduce memory usage. Loaded Objects now: 124420.
Total: 137.699700 ms (FindLiveObjects: 6.485700 ms CreateObjectMapping: 7.929200 ms MarkObjects: 113.275500 ms  DeleteObjects: 10.008400 ms)

Unloading 0 Unused Serialized files (Serialized files now loaded: 59)
Unloading 0 unused Assets to reduce memory usage. Loaded Objects now: 124420.
Total: 138.330900 ms (FindLiveObjects: 5.850400 ms CreateObjectMapping: 7.546600 ms MarkObjects: 124.713100 ms  DeleteObjects: 0.220000 ms)

Unloading 6 Unused Serialized files (Serialized files now loaded: 59)
UnloadTime: 1.082900 ms
Unloading 847 unused Assets to reduce memory usage. Loaded Objects now: 128905.
Total: 135.656500 ms (FindLiveObjects: 6.029500 ms CreateObjectMapping: 7.772700 ms MarkObjects: 120.731600 ms  DeleteObjects: 1.122200 ms)

Unloading 3 Unused Serialized files (Serialized files now loaded: 75)
UnloadTime: 8.075600 ms
Unloading 5472 unused Assets to reduce memory usage. Loaded Objects now: 124420.
Total: 132.786900 ms (FindLiveObjects: 5.910400 ms CreateObjectMapping: 7.819500 ms MarkObjects: 112.459200 ms  DeleteObjects: 6.597200 ms)

Unloading 0 Unused Serialized files (Serialized files now loaded: 59)
Unloading 0 unused Assets to reduce memory usage. Loaded Objects now: 124420.
Total: 128.584500 ms (FindLiveObjects: 5.966200 ms CreateObjectMapping: 7.279800 ms MarkObjects: 115.085400 ms  DeleteObjects: 0.252600 ms)

Unloading 5 Unused Serialized files (Serialized files now loaded: 59)
UnloadTime: 1.375300 ms
Unloading 850 unused Assets to reduce memory usage. Loaded Objects now: 212697.
Total: 140.541900 ms (FindLiveObjects: 12.554900 ms CreateObjectMapping: 7.976900 ms MarkObjects: 118.963000 ms  DeleteObjects: 1.046500 ms)

Activate object on scene. ObjectId: 211 Tick 181
Activate object on scene. ObjectId: 389 Tick 181
Activate object on scene. ObjectId: 389 Tick 181
Activate object on scene. ObjectId: 210 Tick 181
[ProjectileHitMessageClientHandler] 573454 : Wait for prediction of projectile hit of 4294969407 at tick 2117 (interpolated 2113)
[ProjectileHitMessageClientHandler] 573454 : Wait for prediction of projectile hit of 4294969407 at tick 2118 (interpolated 2113)
[ProjectileHitMessageClientHandler] 573454 : Wait for prediction of projectile hit of 4294969557 at tick 2267 (interpolated 2263)
[ProjectileHitMessageClientHandler] 573454 : Wait for prediction of projectile hit of 4294969574 at tick 2284 (interpolated 2280)
[ProjectileHitMessageClientHandler] 573454 : Wait for prediction of projectile hit of 4294969579 at tick 2289 (interpolated 2285)
[ProjectileHitMessageClientHandler] 573454 : Wait for prediction of projectile hit of 4294971404 at tick 4113 (interpolated 4109)
[ProjectileHitMessageClientHandler] 573454 : Wait for prediction of projectile hit of 4294973124 at tick 5833 (interpolated 5829)
[ProjectileHitMessageClientHandler] 573454 : Wait for prediction of projectile hit of 4294973154 at tick 5863 (interpolated 5859)
[ProjectileHitMessageClientHandler] 573454 : Wait for prediction of projectile hit of 4294973154 at tick 5864 (interpolated 5859)
[ProjectileHitMessageClientHandler] 573454 : Wait for prediction of projectile hit of 4294973170 at tick 5879 (interpolated 5875)
[ProjectileHitMessageClientHandler] 573454 : Wait for prediction of projectile hit of 4294973170 at tick 5880 (interpolated 5875)
Damage hit from client projectile not found (DamageHitTick=4294979655;Tick=12359)
Damage hit from client projectile not found (DamageHitTick=4294985095;Tick=17799)
Damage hit from client projectile not found (DamageHitTick=4294985101;Tick=17805)
Deactivate object on scene. ObjectId: 210 Tick 18968
Deactivate object on scene. ObjectId: 389 Tick 24684
Activate object on scene. ObjectId: 389 Tick 24685
Activate object on scene. ObjectId: 389 Tick 24685
Deactivate object on scene. ObjectId: 389 Tick 24828
Activate object on scene. ObjectId: 389 Tick 24829
Unloading 6 Unused Serialized files (Serialized files now loaded: 96)
UnloadTime: 41.615800 ms
Unloading 9201 unused Assets to reduce memory usage. Loaded Objects now: 124431.
Total: 143.198300 ms (FindLiveObjects: 6.369100 ms CreateObjectMapping: 8.250300 ms MarkObjects: 118.467800 ms  DeleteObjects: 10.110400 ms)

Unloading 0 Unused Serialized files (Serialized files now loaded: 59)
Unloading 0 unused Assets to reduce memory usage. Loaded Objects now: 124431.
Total: 130.033400 ms (FindLiveObjects: 6.008600 ms CreateObjectMapping: 7.600400 ms MarkObjects: 116.196600 ms  DeleteObjects: 0.227300 ms)

Unloading 6 Unused Serialized files (Serialized files now loaded: 59)
UnloadTime: 1.102600 ms
Unloading 852 unused Assets to reduce memory usage. Loaded Objects now: 128911.
Total: 131.802800 ms (FindLiveObjects: 6.102900 ms CreateObjectMapping: 7.437000 ms MarkObjects: 117.169100 ms  DeleteObjects: 1.093200 ms)

Unloading 3 Unused Serialized files (Serialized files now loaded: 79)
UnloadTime: 8.912400 ms
Unloading 5541 unused Assets to reduce memory usage. Loaded Objects now: 124438.
Total: 138.201300 ms (FindLiveObjects: 5.994300 ms CreateObjectMapping: 7.923100 ms MarkObjects: 117.356900 ms  DeleteObjects: 6.926200 ms)

Unloading 0 Unused Serialized files (Serialized files now loaded: 59)
Unloading 0 unused Assets to reduce memory usage. Loaded Objects now: 124438.
Total: 131.974600 ms (FindLiveObjects: 6.235500 ms CreateObjectMapping: 7.266500 ms MarkObjects: 118.244500 ms  DeleteObjects: 0.227600 ms)

Unloading 5 Unused Serialized files (Serialized files now loaded: 59)
UnloadTime: 1.373700 ms
Unloading 850 unused Assets to reduce memory usage. Loaded Objects now: 212715.
Total: 152.685500 ms (FindLiveObjects: 13.382200 ms CreateObjectMapping: 8.322400 ms MarkObjects: 129.970500 ms  DeleteObjects: 1.009800 ms)

Activate object on scene. ObjectId: 211 Tick 180
Activate object on scene. ObjectId: 389 Tick 180
Damage hit from client projectile not found (DamageHitTick=217298686315598253;Tick=4525)
Damage hit from client projectile not found (DamageHitTick=216735736362176941;Tick=4525)
Damage hit from client projectile not found (DamageHitTick=216454261385466285;Tick=4525)
Damage hit from client projectile not found (DamageHitTick=217298686315613000;Tick=19272)
Damage hit from client projectile not found (DamageHitTick=217017211338902344;Tick=19272)
Damage hit from client projectile not found (DamageHitTick=216735736362191688;Tick=19272)
Damage hit from client projectile not found (DamageHitTick=216454261385481032;Tick=19272)
Damage hit from client projectile not found (DamageHitTick=216172786408770376;Tick=19272)
Unloading 6 Unused Serialized files (Serialized files now loaded: 96)
UnloadTime: 41.634700 ms
Unloading 9212 unused Assets to reduce memory usage. Loaded Objects now: 124453.
Total: 144.288900 ms (FindLiveObjects: 6.368100 ms CreateObjectMapping: 8.353500 ms MarkObjects: 119.817400 ms  DeleteObjects: 9.749400 ms)

Unloading 0 Unused Serialized files (Serialized files now loaded: 59)
Unloading 0 unused Assets to reduce memory usage. Loaded Objects now: 124453.
Total: 130.953800 ms (FindLiveObjects: 5.962300 ms CreateObjectMapping: 7.496900 ms MarkObjects: 117.259400 ms  DeleteObjects: 0.234500 ms)

Unloading 6 Unused Serialized files (Serialized files now loaded: 59)
UnloadTime: 1.381700 ms
Unloading 852 unused Assets to reduce memory usage. Loaded Objects now: 128933.
Total: 136.479900 ms (FindLiveObjects: 6.142300 ms CreateObjectMapping: 7.393800 ms MarkObjects: 121.854900 ms  DeleteObjects: 1.087600 ms)

Unloading 3 Unused Serialized files (Serialized files now loaded: 78)
UnloadTime: 8.108200 ms
Unloading 5522 unused Assets to reduce memory usage. Loaded Objects now: 124448.
Total: 137.746500 ms (FindLiveObjects: 6.197800 ms CreateObjectMapping: 8.333700 ms MarkObjects: 116.698900 ms  DeleteObjects: 6.515700 ms)

Unloading 0 Unused Serialized files (Serialized files now loaded: 59)
Unloading 0 unused Assets to reduce memory usage. Loaded Objects now: 124448.
Total: 132.134400 ms (FindLiveObjects: 6.239000 ms CreateObjectMapping: 7.300100 ms MarkObjects: 118.367500 ms  DeleteObjects: 0.227300 ms)

Unloading 5 Unused Serialized files (Serialized files now loaded: 59)
UnloadTime: 1.274500 ms
Unloading 850 unused Assets to reduce memory usage. Loaded Objects now: 212725.
Total: 148.873500 ms (FindLiveObjects: 12.784500 ms CreateObjectMapping: 7.915900 ms MarkObjects: 127.029200 ms  DeleteObjects: 1.143500 ms)

Activate object on scene. ObjectId: 211 Tick 185
Activate object on scene. ObjectId: 389 Tick 185
Deactivate object on scene. ObjectId: 389 Tick 15779
Activate object on scene. ObjectId: 389 Tick 15780
Unloading 6 Unused Serialized files (Serialized files now loaded: 98)
UnloadTime: 41.388100 ms
Unloading 9203 unused Assets to reduce memory usage. Loaded Objects now: 124458.
Total: 142.903300 ms (FindLiveObjects: 6.342400 ms CreateObjectMapping: 8.196200 ms MarkObjects: 118.612700 ms  DeleteObjects: 9.751400 ms)

Unloading 0 Unused Serialized files (Serialized files now loaded: 59)
Unloading 0 unused Assets to reduce memory usage. Loaded Objects now: 124458.
Total: 130.828500 ms (FindLiveObjects: 5.824500 ms CreateObjectMapping: 7.448900 ms MarkObjects: 117.322600 ms  DeleteObjects: 0.231500 ms)

Unloading 6 Unused Serialized files (Serialized files now loaded: 59)
UnloadTime: 1.161500 ms
Unloading 847 unused Assets to reduce memory usage. Loaded Objects now: 128943.
Total: 132.621400 ms (FindLiveObjects: 5.950900 ms CreateObjectMapping: 7.448900 ms MarkObjects: 118.105800 ms  DeleteObjects: 1.115300 ms)

Unloading 3 Unused Serialized files (Serialized files now loaded: 73)
UnloadTime: 8.432800 ms
Unloading 5521 unused Assets to reduce memory usage. Loaded Objects now: 124467.
Total: 143.988600 ms (FindLiveObjects: 6.230200 ms CreateObjectMapping: 7.973100 ms MarkObjects: 122.878700 ms  DeleteObjects: 6.906200 ms)

Unloading 0 Unused Serialized files (Serialized files now loaded: 59)
Unloading 0 unused Assets to reduce memory usage. Loaded Objects now: 124467.
Total: 133.105900 ms (FindLiveObjects: 5.948000 ms CreateObjectMapping: 7.361500 ms MarkObjects: 119.569600 ms  DeleteObjects: 0.226300 ms)

Unloading 5 Unused Serialized files (Serialized files now loaded: 59)
UnloadTime: 1.314600 ms
Unloading 850 unused Assets to reduce memory usage. Loaded Objects now: 212744.
Total: 146.401500 ms (FindLiveObjects: 12.721000 ms CreateObjectMapping: 8.409300 ms MarkObjects: 124.196500 ms  DeleteObjects: 1.074100 ms)

Activate object on scene. ObjectId: 211 Tick 184
Activate object on scene. ObjectId: 389 Tick 184
[ProjectileHitMessageClientHandler] 736782 : Wait for prediction of projectile hit of 4294983360 at tick 16069 (interpolated 16065)
Deactivate object on scene. ObjectId: 389 Tick 20077
Unloading 6 Unused Serialized files (Serialized files now loaded: 97)
UnloadTime: 109.671800 ms
Unloading 9176 unused Assets to reduce memory usage. Loaded Objects now: 124471.
Total: 146.095900 ms (FindLiveObjects: 6.141600 ms CreateObjectMapping: 8.225900 ms MarkObjects: 121.325100 ms  DeleteObjects: 10.402400 ms)

Unloading 0 Unused Serialized files (Serialized files now loaded: 59)
Unloading 0 unused Assets to reduce memory usage. Loaded Objects now: 124471.
Total: 131.867800 ms (FindLiveObjects: 6.092600 ms CreateObjectMapping: 7.447700 ms MarkObjects: 118.092100 ms  DeleteObjects: 0.234500 ms)

Unloading 6 Unused Serialized files (Serialized files now loaded: 59)
UnloadTime: 1.163500 ms
Unloading 847 unused Assets to reduce memory usage. Loaded Objects now: 128956.
Total: 137.923400 ms (FindLiveObjects: 6.454000 ms CreateObjectMapping: 7.658700 ms MarkObjects: 122.736000 ms  DeleteObjects: 1.074300 ms)

Unloading 3 Unused Serialized files (Serialized files now loaded: 75)
UnloadTime: 8.448300 ms
Unloading 5481 unused Assets to reduce memory usage. Loaded Objects now: 124471.
Total: 140.686700 ms (FindLiveObjects: 6.544000 ms CreateObjectMapping: 8.360700 ms MarkObjects: 119.181100 ms  DeleteObjects: 6.600300 ms)

Unloading 0 Unused Serialized files (Serialized files now loaded: 59)
Unloading 0 unused Assets to reduce memory usage. Loaded Objects now: 124471.
Total: 134.556200 ms (FindLiveObjects: 6.159800 ms CreateObjectMapping: 7.260400 ms MarkObjects: 120.905900 ms  DeleteObjects: 0.229600 ms)

Unloading 5 Unused Serialized files (Serialized files now loaded: 59)
UnloadTime: 1.486900 ms
Unloading 850 unused Assets to reduce memory usage. Loaded Objects now: 212748.
Total: 145.673700 ms (FindLiveObjects: 13.051100 ms CreateObjectMapping: 8.381700 ms MarkObjects: 123.023300 ms  DeleteObjects: 1.216700 ms)

Activate object on scene. ObjectId: 211 Tick 183
Activate object on scene. ObjectId: 217 Tick 183
Activate object on scene. ObjectId: 218 Tick 183
Damage hit from client projectile not found (DamageHitTick=4294972847;Tick=5551)
Deactivate object on scene. ObjectId: 217 Tick 10399
Activate object on scene. ObjectId: 217 Tick 15839
Unloading 6 Unused Serialized files (Serialized files now loaded: 102)
UnloadTime: 43.573100 ms
Unloading 10255 unused Assets to reduce memory usage. Loaded Objects now: 124483.
Total: 144.548600 ms (FindLiveObjects: 6.550100 ms CreateObjectMapping: 8.368500 ms MarkObjects: 118.379000 ms  DeleteObjects: 11.250100 ms)

Unloading 0 Unused Serialized files (Serialized files now loaded: 59)
Unloading 0 unused Assets to reduce memory usage. Loaded Objects now: 124483.
Total: 131.799800 ms (FindLiveObjects: 6.152800 ms CreateObjectMapping: 7.573000 ms MarkObjects: 117.846300 ms  DeleteObjects: 0.227200 ms)

Unloading 6 Unused Serialized files (Serialized files now loaded: 59)
UnloadTime: 1.198900 ms
Unloading 847 unused Assets to reduce memory usage. Loaded Objects now: 128968.
Total: 141.499300 ms (FindLiveObjects: 6.305800 ms CreateObjectMapping: 7.973700 ms MarkObjects: 126.059000 ms  DeleteObjects: 1.159800 ms)

Unloading 3 Unused Serialized files (Serialized files now loaded: 74)
UnloadTime: 8.025600 ms
Unloading 5464 unused Assets to reduce memory usage. Loaded Objects now: 124483.
Total: 144.605900 ms (FindLiveObjects: 6.207100 ms CreateObjectMapping: 7.738300 ms MarkObjects: 124.157700 ms  DeleteObjects: 6.502100 ms)

Unloading 0 Unused Serialized files (Serialized files now loaded: 59)
Unloading 0 unused Assets to reduce memory usage. Loaded Objects now: 124483.
Total: 132.610300 ms (FindLiveObjects: 6.189300 ms CreateObjectMapping: 7.539100 ms MarkObjects: 118.646800 ms  DeleteObjects: 0.234600 ms)

Unloading 9 Unused Serialized files (Serialized files now loaded: 59)
UnloadTime: 1.291500 ms
Unloading 847 unused Assets to reduce memory usage. Loaded Objects now: 311490.
Total: 160.236500 ms (FindLiveObjects: 21.209500 ms CreateObjectMapping: 11.005400 ms MarkObjects: 126.810900 ms  DeleteObjects: 1.210000 ms)

Unloading 11 Unused Serialized files (Serialized files now loaded: 91)
UnloadTime: 113.844400 ms
Unloading 9964 unused Assets to reduce memory usage. Loaded Objects now: 124485.
Total: 146.838200 ms (FindLiveObjects: 6.208300 ms CreateObjectMapping: 8.223700 ms MarkObjects: 117.563800 ms  DeleteObjects: 14.842000 ms)

Unloading 0 Unused Serialized files (Serialized files now loaded: 59)
Unloading 0 unused Assets to reduce memory usage. Loaded Objects now: 124485.
Total: 132.921500 ms (FindLiveObjects: 6.100300 ms CreateObjectMapping: 7.505700 ms MarkObjects: 119.075400 ms  DeleteObjects: 0.239500 ms)

The tree Tree02 must use the Nature/Soft Occlusion shader. Otherwise billboarding/lighting will not work correctly.
Unloading 8 Unused Serialized files (Serialized files now loaded: 59)
UnloadTime: 1.126400 ms
Unloading 854 unused Assets to reduce memory usage. Loaded Objects now: 137716.
Total: 138.392800 ms (FindLiveObjects: 7.185200 ms CreateObjectMapping: 8.032100 ms MarkObjects: 122.103600 ms  DeleteObjects: 1.071300 ms)

Unloading 5 Unused Serialized files (Serialized files now loaded: 74)
UnloadTime: 277.243000 ms
Unloading 6901 unused Assets to reduce memory usage. Loaded Objects now: 124524.
Total: 147.189200 ms (FindLiveObjects: 6.584500 ms CreateObjectMapping: 8.151500 ms MarkObjects: 121.340400 ms  DeleteObjects: 11.112100 ms)

Unloading 0 Unused Serialized files (Serialized files now loaded: 59)
Unloading 1 unused Assets to reduce memory usage. Loaded Objects now: 124523.
Total: 133.662800 ms (FindLiveObjects: 5.872600 ms CreateObjectMapping: 7.409200 ms MarkObjects: 119.025800 ms  DeleteObjects: 1.354600 ms)

Unloading 5 Unused Serialized files (Serialized files now loaded: 59)
UnloadTime: 1.379400 ms
Unloading 850 unused Assets to reduce memory usage. Loaded Objects now: 212800.
Total: 143.956800 ms (FindLiveObjects: 12.717900 ms CreateObjectMapping: 8.047700 ms MarkObjects: 122.048800 ms  DeleteObjects: 1.141500 ms)

Activate object on scene. ObjectId: 211 Tick 164
Activate object on scene. ObjectId: 217 Tick 164
Activate object on scene. ObjectId: 218 Tick 164
[ProjectileHitMessageClientHandler] 851387 : Wait for prediction of projectile hit of 4294970906 at tick 3615 (interpolated 3611)
[ProjectileHitMessageClientHandler] 851387 : Wait for prediction of projectile hit of 4294970906 at tick 3616 (interpolated 3611)
[ProjectileHitMessageClientHandler] 851387 : Wait for prediction of projectile hit of 4294970906 at tick 3616 (interpolated 3612)
[ProjectileHitMessageClientHandler] 851387 : Wait for prediction of projectile hit of 4294970906 at tick 3617 (interpolated 3612)
[ProjectileHitMessageClientHandler] 851387 : Wait for prediction of projectile hit of 4294970906 at tick 3617 (interpolated 3613)
[ProjectileHitMessageClientHandler] 851387 : Wait for prediction of projectile hit of 4294970906 at tick 3618 (interpolated 3613)
[ProjectileHitMessageClientHandler] 851387 : Wait for prediction of projectile hit of 4294970906 at tick 3618 (interpolated 3614)
[ProjectileHitMessageClientHandler] 851387 : Wait for prediction of projectile hit of 4294970906 at tick 3619 (interpolated 3614)
[ProjectileHitMessageClientHandler] 851387 : Wait for prediction of projectile hit of 4294970906 at tick 3619 (interpolated 3615)
[ProjectileHitMessageClientHandler] 851387 : Wait for prediction of projectile hit of 4294970910 at tick 3619 (interpolated 3615)
[ProjectileHitMessageClientHandler] 851387 : Wait for prediction of projectile hit of 4294970906 at tick 3620 (interpolated 3615)
[ProjectileHitMessageClientHandler] 851387 : Wait for prediction of projectile hit of 4294970910 at tick 3620 (interpolated 3615)
[ProjectileHitMessageClientHandler] 851387 : Wait for prediction of projectile hit of 4294970906 at tick 3620 (interpolated 3616)
[ProjectileHitMessageClientHandler] 851387 : Wait for prediction of projectile hit of 4294970910 at tick 3620 (interpolated 3616)
[ProjectileHitMessageClientHandler] 851387 : Wait for prediction of projectile hit of 4294970906 at tick 3621 (interpolated 3616)
[ProjectileHitMessageClientHandler] 851387 : Wait for prediction of projectile hit of 4294970910 at tick 3621 (interpolated 3616)
[ProjectileHitMessageClientHandler] 851387 : Wait for prediction of projectile hit of 4294970906 at tick 3621 (interpolated 3617)
[ProjectileHitMessageClientHandler] 851387 : Wait for prediction of projectile hit of 4294970910 at tick 3621 (interpolated 3617)
[ProjectileHitMessageClientHandler] 851387 : Wait for prediction of projectile hit of 4294970906 at tick 3622 (interpolated 3617)
[ProjectileHitMessageClientHandler] 851387 : Wait for prediction of projectile hit of 4294970910 at tick 3622 (interpolated 3617)
[ProjectileHitMessageClientHandler] 851387 : Wait for prediction of projectile hit of 4294970906 at tick 3622 (interpolated 3618)
[ProjectileHitMessageClientHandler] 851387 : Wait for prediction of projectile hit of 4294970910 at tick 3622 (interpolated 3618)
[ProjectileHitMessageClientHandler] 851387 : Wait for prediction of projectile hit of 4294970906 at tick 3623 (interpolated 3618)
[ProjectileHitMessageClientHandler] 851387 : Wait for prediction of projectile hit of 4294970910 at tick 3623 (interpolated 3618)
[ProjectileHitMessageClientHandler] 851387 : Wait for prediction of projectile hit of 4294970906 at tick 3623 (interpolated 3619)
[ProjectileHitMessageClientHandler] 851387 : Wait for prediction of projectile hit of 4294970910 at tick 3623 (interpolated 3619)
[ProjectileHitMessageClientHandler] 851387 : Wait for prediction of projectile hit of 4294970906 at tick 3624 (interpolated 3619)
[ProjectileHitMessageClientHandler] 851387 : Wait for prediction of projectile hit of 4294970910 at tick 3624 (interpolated 3619)
[ProjectileHitMessageClientHandler] 851387 : Wait for prediction of projectile hit of 4294970906 at tick 3624 (interpolated 3620)
[ProjectileHitMessageClientHandler] 851387 : Wait for prediction of projectile hit of 4294970910 at tick 3624 (interpolated 3620)
[ProjectileHitMessageClientHandler] 851387 : Wait for prediction of projectile hit of 4294970906 at tick 3625 (interpolated 3620)
[ProjectileHitMessageClientHandler] 851387 : Wait for prediction of projectile hit of 4294970910 at tick 3625 (interpolated 3620)
[ProjectileHitMessageClientHandler] 851387 : Wait for prediction of projectile hit of 4294970906 at tick 3625 (interpolated 3621)
[ProjectileHitMessageClientHandler] 851387 : Wait for prediction of projectile hit of 4294970910 at tick 3625 (interpolated 3621)
[ProjectileHitMessageClientHandler] 851387 : Wait for prediction of projectile hit of 4294970910 at tick 3626 (interpolated 3621)
[ProjectileHitMessageClientHandler] 851387 : Wait for prediction of projectile hit of 4294970910 at tick 3626 (interpolated 3622)
[ProjectileHitMessageClientHandler] 851387 : Wait for prediction of projectile hit of 4294970910 at tick 3627 (interpolated 3622)
[ProjectileHitMessageClientHandler] 851387 : Wait for prediction of projectile hit of 4294970910 at tick 3627 (interpolated 3623)
[ProjectileHitMessageClientHandler] 851387 : Wait for prediction of projectile hit of 4294970910 at tick 3628 (interpolated 3623)
[ProjectileHitMessageClientHandler] 851387 : Wait for prediction of projectile hit of 4294970910 at tick 3628 (interpolated 3624)
[ProjectileHitMessageClientHandler] 851387 : Wait for prediction of projectile hit of 4294970910 at tick 3629 (interpolated 3624)
[ProjectileHitMessageClientHandler] 851387 : Wait for prediction of projectile hit of 4294970910 at tick 3629 (interpolated 3625)
Deactivate object on scene. ObjectId: 218 Tick 9894
Damage hit from client projectile not found (DamageHitTick=4294984764;Tick=17468)
Damage hit from client projectile not found (DamageHitTick=4294984842;Tick=17546)
[ProjectileHitMessageClientHandler] 851387 : Wait for prediction of projectile hit of 4294987791 at tick 20500 (interpolated 20496)
[ProjectileHitMessageClientHandler] 851387 : Wait for prediction of projectile hit of 4294989545 at tick 22254 (interpolated 22250)
[ProjectileHitMessageClientHandler] 851387 : Wait for prediction of projectile hit of 4294989545 at tick 22255 (interpolated 22250)
[ProjectileHitMessageClientHandler] 851387 : Wait for prediction of projectile hit of 4294989545 at tick 22255 (interpolated 22251)
[ProjectileHitMessageClientHandler] 851387 : Wait for prediction of projectile hit of 4294989545 at tick 22256 (interpolated 22251)
Deactivate object on scene. ObjectId: 217 Tick 24583
Unloading 6 Unused Serialized files (Serialized files now loaded: 96)
UnloadTime: 44.073000 ms
Unloading 9952 unused Assets to reduce memory usage. Loaded Objects now: 124534.
Total: 146.497200 ms (FindLiveObjects: 6.264200 ms CreateObjectMapping: 8.852500 ms MarkObjects: 120.335400 ms  DeleteObjects: 11.044500 ms)

Unloading 0 Unused Serialized files (Serialized files now loaded: 59)
Unloading 0 unused Assets to reduce memory usage. Loaded Objects now: 124534.
Total: 134.685900 ms (FindLiveObjects: 6.356000 ms CreateObjectMapping: 7.482700 ms MarkObjects: 120.573900 ms  DeleteObjects: 0.272700 ms)

Unloading 8 Unused Serialized files (Serialized files now loaded: 59)
The tree Tree02 must use the Nature/Soft Occlusion shader. Otherwise billboarding/lighting will not work correctly.
UnloadTime: 1.255100 ms
Unloading 854 unused Assets to reduce memory usage. Loaded Objects now: 137681.
Total: 90.871300 ms (FindLiveObjects: 7.159100 ms CreateObjectMapping: 7.666500 ms MarkObjects: 74.947300 ms  DeleteObjects: 1.097400 ms)

Unloading 3 Unused Serialized files (Serialized files now loaded: 77)
UnloadTime: 272.113900 ms
Unloading 7128 unused Assets to reduce memory usage. Loaded Objects now: 124536.
Total: 147.811100 ms (FindLiveObjects: 6.230400 ms CreateObjectMapping: 8.233700 ms MarkObjects: 121.924800 ms  DeleteObjects: 11.421700 ms)

Unloading 0 Unused Serialized files (Serialized files now loaded: 59)
Unloading 1 unused Assets to reduce memory usage. Loaded Objects now: 124535.
Total: 133.873800 ms (FindLiveObjects: 5.915300 ms CreateObjectMapping: 7.375500 ms MarkObjects: 119.343400 ms  DeleteObjects: 1.239200 ms)

Unloading 9 Unused Serialized files (Serialized files now loaded: 59)
UnloadTime: 1.275900 ms
Unloading 847 unused Assets to reduce memory usage. Loaded Objects now: 311542.
Total: 164.954000 ms (FindLiveObjects: 21.095700 ms CreateObjectMapping: 15.121900 ms MarkObjects: 127.570200 ms  DeleteObjects: 1.165500 ms)

Unloading 11 Unused Serialized files (Serialized files now loaded: 88)
UnloadTime: 114.508500 ms
Unloading 9952 unused Assets to reduce memory usage. Loaded Objects now: 124535.
Total: 150.244900 ms (FindLiveObjects: 6.062300 ms CreateObjectMapping: 8.310600 ms MarkObjects: 121.372700 ms  DeleteObjects: 14.498500 ms)

Unloading 0 Unused Serialized files (Serialized files now loaded: 59)
Unloading 0 unused Assets to reduce memory usage. Loaded Objects now: 124535.
Total: 132.592700 ms (FindLiveObjects: 5.883600 ms CreateObjectMapping: 7.698100 ms MarkObjects: 118.788900 ms  DeleteObjects: 0.221600 ms)

Unloading 8 Unused Serialized files (Serialized files now loaded: 59)
The tree Tree02 must use the Nature/Soft Occlusion shader. Otherwise billboarding/lighting will not work correctly.
UnloadTime: 1.164000 ms
Unloading 854 unused Assets to reduce memory usage. Loaded Objects now: 137682.
Total: 136.898600 ms (FindLiveObjects: 6.858000 ms CreateObjectMapping: 7.713600 ms MarkObjects: 121.244900 ms  DeleteObjects: 1.081600 ms)

Unloading 3 Unused Serialized files (Serialized files now loaded: 75)
UnloadTime: 265.182000 ms
Unloading 6867 unused Assets to reduce memory usage. Loaded Objects now: 124536.
Total: 141.676900 ms (FindLiveObjects: 6.011000 ms CreateObjectMapping: 7.870700 ms MarkObjects: 117.172700 ms  DeleteObjects: 10.621700 ms)

Unloading 0 Unused Serialized files (Serialized files now loaded: 59)
Unloading 1 unused Assets to reduce memory usage. Loaded Objects now: 124535.
Total: 133.858000 ms (FindLiveObjects: 5.997400 ms CreateObjectMapping: 7.374900 ms MarkObjects: 119.375300 ms  DeleteObjects: 1.109900 ms)

Unloading 9 Unused Serialized files (Serialized files now loaded: 59)
UnloadTime: 1.362300 ms
Unloading 847 unused Assets to reduce memory usage. Loaded Objects now: 311542.
Total: 158.608400 ms (FindLiveObjects: 19.481800 ms CreateObjectMapping: 8.756000 ms MarkObjects: 129.153300 ms  DeleteObjects: 1.216300 ms)

Damage hit from client projectile not found (DamageHitTick=4294969477;Tick=2181)
Damage hit from client projectile not found (DamageHitTick=4294969488;Tick=2192)
[ProjectileHitMessageClientHandler] 944653 : Wait for prediction of projectile hit of 4294974350 at tick 7063 (interpolated 7059)
[ProjectileHitMessageClientHandler] 944653 : Wait for prediction of projectile hit of 4294974350 at tick 7064 (interpolated 7059)
[ProjectileHitMessageClientHandler] 944653 : Wait for prediction of projectile hit of 4294974350 at tick 7064 (interpolated 7060)
[ProjectileHitMessageClientHandler] 944653 : Wait for prediction of projectile hit of 4294974350 at tick 7065 (interpolated 7060)
[ProjectileHitMessageClientHandler] 944653 : Wait for prediction of projectile hit of 4294974350 at tick 7065 (interpolated 7061)
[ProjectileHitMessageClientHandler] 944653 : Wait for prediction of projectile hit of 4294974350 at tick 7066 (interpolated 7061)
[ProjectileHitMessageClientHandler] 944653 : Wait for prediction of projectile hit of 4294974350 at tick 7066 (interpolated 7062)
[ProjectileHitMessageClientHandler] 944653 : Wait for prediction of projectile hit of 4294974350 at tick 7067 (interpolated 7062)
[ProjectileHitMessageClientHandler] 944653 : Wait for prediction of projectile hit of 4294974350 at tick 7067 (interpolated 7063)
[ProjectileHitMessageClientHandler] 944653 : Wait for prediction of projectile hit of 4294974350 at tick 7068 (interpolated 7063)
[ProjectileHitMessageClientHandler] 944653 : Wait for prediction of projectile hit of 4294974350 at tick 7068 (interpolated 7064)
[ProjectileHitMessageClientHandler] 944653 : Wait for prediction of projectile hit of 4294974350 at tick 7069 (interpolated 7064)
[ProjectileHitMessageClientHandler] 944653 : Wait for prediction of projectile hit of 4294974350 at tick 7069 (interpolated 7065)
[ProjectileHitMessageClientHandler] 944653 : Wait for prediction of projectile hit of 4294974350 at tick 7070 (interpolated 7065)
[ProjectileHitMessageClientHandler] 944653 : Wait for prediction of projectile hit of 4294974350 at tick 7070 (interpolated 7066)
[ProjectileHitMessageClientHandler] 944653 : Wait for prediction of projectile hit of 4294974350 at tick 7071 (interpolated 7066)
[ProjectileHitMessageClientHandler] 944653 : Wait for prediction of projectile hit of 4294974350 at tick 7071 (interpolated 7067)
[ProjectileHitMessageClientHandler] 944653 : Wait for prediction of projectile hit of 4294974350 at tick 7072 (interpolated 7067)
[ProjectileHitMessageClientHandler] 944653 : Wait for prediction of projectile hit of 4294974350 at tick 7072 (interpolated 7068)
[ProjectileHitMessageClientHandler] 944653 : Wait for prediction of projectile hit of 4294974350 at tick 7073 (interpolated 7068)
[ProjectileHitMessageClientHandler] 944653 : Wait for prediction of projectile hit of 4294974350 at tick 7073 (interpolated 7069)
[ProjectileHitMessageClientHandler] 944653 : Wait for prediction of projectile hit of 4294974350 at tick 7074 (interpolated 7069)
[ProjectileHitMessageClientHandler] 944653 : Wait for prediction of projectile hit of 4294974350 at tick 7074 (interpolated 7070)
[ProjectileHitMessageClientHandler] 944653 : Wait for prediction of projectile hit of 4294974361 at tick 7074 (interpolated 7070)
[ProjectileHitMessageClientHandler] 944653 : Wait for prediction of projectile hit of 4294974350 at tick 7075 (interpolated 7070)
[ProjectileHitMessageClientHandler] 944653 : Wait for prediction of projectile hit of 4294974361 at tick 7075 (interpolated 7070)
[ProjectileHitMessageClientHandler] 944653 : Wait for prediction of projectile hit of 4294974350 at tick 7075 (interpolated 7071)
[ProjectileHitMessageClientHandler] 944653 : Wait for prediction of projectile hit of 4294974361 at tick 7075 (interpolated 7071)
[ProjectileHitMessageClientHandler] 944653 : Wait for prediction of projectile hit of 4294974350 at tick 7076 (interpolated 7071)
[ProjectileHitMessageClientHandler] 944653 : Wait for prediction of projectile hit of 4294974361 at tick 7076 (interpolated 7071)
[ProjectileHitMessageClientHandler] 944653 : Wait for prediction of projectile hit of 4294974350 at tick 7076 (interpolated 7072)
[ProjectileHitMessageClientHandler] 944653 : Wait for prediction of projectile hit of 4294974361 at tick 7076 (interpolated 7072)
[ProjectileHitMessageClientHandler] 944653 : Wait for prediction of projectile hit of 4294974350 at tick 7077 (interpolated 7072)
[ProjectileHitMessageClientHandler] 944653 : Wait for prediction of projectile hit of 4294974361 at tick 7077 (interpolated 7072)
[ProjectileHitMessageClientHandler] 944653 : Wait for prediction of projectile hit of 4294974350 at tick 7077 (interpolated 7073)
[ProjectileHitMessageClientHandler] 944653 : Wait for prediction of projectile hit of 4294974361 at tick 7077 (interpolated 7073)
[ProjectileHitMessageClientHandler] 944653 : Wait for prediction of projectile hit of 4294974350 at tick 7078 (interpolated 7073)
[ProjectileHitMessageClientHandler] 944653 : Wait for prediction of projectile hit of 4294974361 at tick 7078 (interpolated 7073)
[ProjectileHitMessageClientHandler] 944653 : Wait for prediction of projectile hit of 4294974350 at tick 7078 (interpolated 7074)
[ProjectileHitMessageClientHandler] 944653 : Wait for prediction of projectile hit of 4294974361 at tick 7078 (interpolated 7074)
[ProjectileHitMessageClientHandler] 944653 : Wait for prediction of projectile hit of 4294974350 at tick 7079 (interpolated 7074)
[ProjectileHitMessageClientHandler] 944653 : Wait for prediction of projectile hit of 4294974361 at tick 7079 (interpolated 7074)
[ProjectileHitMessageClientHandler] 944653 : Wait for prediction of projectile hit of 4294974350 at tick 7079 (interpolated 7075)
[ProjectileHitMessageClientHandler] 944653 : Wait for prediction of projectile hit of 4294974361 at tick 7079 (interpolated 7075)
[ProjectileHitMessageClientHandler] 944653 : Wait for prediction of projectile hit of 4294974350 at tick 7080 (interpolated 7075)
[ProjectileHitMessageClientHandler] 944653 : Wait for prediction of projectile hit of 4294974361 at tick 7080 (interpolated 7075)
[ProjectileHitMessageClientHandler] 944653 : Wait for prediction of projectile hit of 4294974350 at tick 7080 (interpolated 7076)
[ProjectileHitMessageClientHandler] 944653 : Wait for prediction of projectile hit of 4294974361 at tick 7080 (interpolated 7076)
[ProjectileHitMessageClientHandler] 944653 : Wait for prediction of projectile hit of 4294974350 at tick 7081 (interpolated 7076)
[ProjectileHitMessageClientHandler] 944653 : Wait for prediction of projectile hit of 4294974361 at tick 7081 (interpolated 7076)
[ProjectileHitMessageClientHandler] 944653 : Wait for prediction of projectile hit of 4294974350 at tick 7081 (interpolated 7077)
[ProjectileHitMessageClientHandler] 944653 : Wait for prediction of projectile hit of 4294974361 at tick 7081 (interpolated 7077)
[ProjectileHitMessageClientHandler] 944653 : Wait for prediction of projectile hit of 4294974350 at tick 7082 (interpolated 7077)
[ProjectileHitMessageClientHandler] 944653 : Wait for prediction of projectile hit of 4294974361 at tick 7082 (interpolated 7077)
[ProjectileHitMessageClientHandler] 944653 : Wait for prediction of projectile hit of 4294974350 at tick 7082 (interpolated 7078)
[ProjectileHitMessageClientHandler] 944653 : Wait for prediction of projectile hit of 4294974361 at tick 7082 (interpolated 7078)
[ProjectileHitMessageClientHandler] 944653 : Wait for prediction of projectile hit of 4294974350 at tick 7083 (interpolated 7078)
[ProjectileHitMessageClientHandler] 944653 : Wait for prediction of projectile hit of 4294974361 at tick 7083 (interpolated 7078)
[ProjectileHitMessageClientHandler] 944653 : Wait for prediction of projectile hit of 4294974350 at tick 7083 (interpolated 7079)
[ProjectileHitMessageClientHandler] 944653 : Wait for prediction of projectile hit of 4294974361 at tick 7083 (interpolated 7079)
[ProjectileHitMessageClientHandler] 944653 : Wait for prediction of projectile hit of 4294974350 at tick 7084 (interpolated 7079)
[ProjectileHitMessageClientHandler] 944653 : Wait for prediction of projectile hit of 4294974361 at tick 7084 (interpolated 7079)
[ProjectileHitMessageClientHandler] 944653 : Wait for prediction of projectile hit of 4294974350 at tick 7084 (interpolated 7080)
[ProjectileHitMessageClientHandler] 944653 : Wait for prediction of projectile hit of 4294974361 at tick 7084 (interpolated 7080)
[ProjectileHitMessageClientHandler] 944653 : Wait for prediction of projectile hit of 4294974350 at tick 7085 (interpolated 7080)
[ProjectileHitMessageClientHandler] 944653 : Wait for prediction of projectile hit of 4294974361 at tick 7085 (interpolated 7080)
[ProjectileHitMessageClientHandler] 944653 : Wait for prediction of projectile hit of 4294974350 at tick 7085 (interpolated 7081)
[ProjectileHitMessageClientHandler] 944653 : Wait for prediction of projectile hit of 4294974361 at tick 7085 (interpolated 7081)
[ProjectileHitMessageClientHandler] 944653 : Wait for prediction of projectile hit of 4294974350 at tick 7086 (interpolated 7081)
[ProjectileHitMessageClientHandler] 944653 : Wait for prediction of projectile hit of 4294974361 at tick 7086 (interpolated 7081)
[ProjectileHitMessageClientHandler] 944653 : Wait for prediction of projectile hit of 4294974350 at tick 7086 (interpolated 7082)
[ProjectileHitMessageClientHandler] 944653 : Wait for prediction of projectile hit of 4294974361 at tick 7086 (interpolated 7082)
[ProjectileHitMessageClientHandler] 944653 : Wait for prediction of projectile hit of 4294974350 at tick 7087 (interpolated 7082)
[ProjectileHitMessageClientHandler] 944653 : Wait for prediction of projectile hit of 4294974361 at tick 7087 (interpolated 7082)
[ProjectileHitMessageClientHandler] 944653 : Wait for prediction of projectile hit of 4294974350 at tick 7087 (interpolated 7083)
[ProjectileHitMessageClientHandler] 944653 : Wait for prediction of projectile hit of 4294974361 at tick 7087 (interpolated 7083)
[ProjectileHitMessageClientHandler] 944653 : Wait for prediction of projectile hit of 4294974350 at tick 7088 (interpolated 7083)
[ProjectileHitMessageClientHandler] 944653 : Wait for prediction of projectile hit of 4294974361 at tick 7088 (interpolated 7083)
[ProjectileHitMessageClientHandler] 944653 : Wait for prediction of projectile hit of 4294974350 at tick 7088 (interpolated 7084)
[ProjectileHitMessageClientHandler] 944653 : Wait for prediction of projectile hit of 4294974361 at tick 7088 (interpolated 7084)
[ProjectileHitMessageClientHandler] 944653 : Wait for prediction of projectile hit of 4294974350 at tick 7089 (interpolated 7084)
[ProjectileHitMessageClientHandler] 944653 : Wait for prediction of projectile hit of 4294974361 at tick 7089 (interpolated 7084)
[ProjectileHitMessageClientHandler] 944653 : Wait for prediction of projectile hit of 4294974350 at tick 7089 (interpolated 7085)
[ProjectileHitMessageClientHandler] 944653 : Wait for prediction of projectile hit of 4294974361 at tick 7089 (interpolated 7085)
[ProjectileHitMessageClientHandler] 944653 : Wait for prediction of projectile hit of 4294974350 at tick 7090 (interpolated 7085)
[ProjectileHitMessageClientHandler] 944653 : Wait for prediction of projectile hit of 4294974361 at tick 7090 (interpolated 7085)
[ProjectileHitMessageClientHandler] 944653 : Wait for prediction of projectile hit of 4294974350 at tick 7090 (interpolated 7086)
[ProjectileHitMessageClientHandler] 944653 : Wait for prediction of projectile hit of 4294974361 at tick 7090 (interpolated 7086)
[ProjectileHitMessageClientHandler] 944653 : Wait for prediction of projectile hit of 4294974350 at tick 7091 (interpolated 7086)
[ProjectileHitMessageClientHandler] 944653 : Wait for prediction of projectile hit of 4294974361 at tick 7091 (interpolated 7086)
[ProjectileHitMessageClientHandler] 944653 : Wait for prediction of projectile hit of 4294974350 at tick 7091 (interpolated 7087)
[ProjectileHitMessageClientHandler] 944653 : Wait for prediction of projectile hit of 4294974361 at tick 7091 (interpolated 7087)
[ProjectileHitMessageClientHandler] 944653 : Wait for prediction of projectile hit of 4294974350 at tick 7092 (interpolated 7087)
[ProjectileHitMessageClientHandler] 944653 : Wait for prediction of projectile hit of 4294974361 at tick 7092 (interpolated 7087)
[ProjectileHitMessageClientHandler] 944653 : Wait for prediction of projectile hit of 4294974350 at tick 7092 (interpolated 7088)
[ProjectileHitMessageClientHandler] 944653 : Wait for prediction of projectile hit of 4294974361 at tick 7092 (interpolated 7088)
[ProjectileHitMessageClientHandler] 944653 : Wait for prediction of projectile hit of 4294974350 at tick 7093 (interpolated 7088)
[ProjectileHitMessageClientHandler] 944653 : Wait for prediction of projectile hit of 4294974361 at tick 7093 (interpolated 7088)
[ProjectileHitMessageClientHandler] 944653 : Wait for prediction of projectile hit of 4294974350 at tick 7093 (interpolated 7089)
[ProjectileHitMessageClientHandler] 944653 : Wait for prediction of projectile hit of 4294974361 at tick 7093 (interpolated 7089)
[ProjectileHitMessageClientHandler] 944653 : Wait for prediction of projectile hit of 4294974350 at tick 7094 (interpolated 7089)
[ProjectileHitMessageClientHandler] 944653 : Wait for prediction of projectile hit of 4294974361 at tick 7094 (interpolated 7089)
[ProjectileHitMessageClientHandler] 944653 : Wait for prediction of projectile hit of 4294974350 at tick 7094 (interpolated 7090)
[ProjectileHitMessageClientHandler] 944653 : Wait for prediction of projectile hit of 4294974361 at tick 7094 (interpolated 7090)
[ProjectileHitMessageClientHandler] 944653 : Wait for prediction of projectile hit of 4294974350 at tick 7095 (interpolated 7090)
[ProjectileHitMessageClientHandler] 944653 : Wait for prediction of projectile hit of 4294974361 at tick 7095 (interpolated 7090)
[ProjectileHitMessageClientHandler] 944653 : Wait for prediction of projectile hit of 4294974350 at tick 7095 (interpolated 7091)
[ProjectileHitMessageClientHandler] 944653 : Wait for prediction of projectile hit of 4294974361 at tick 7095 (interpolated 7091)
[ProjectileHitMessageClientHandler] 944653 : Wait for prediction of projectile hit of 4294974350 at tick 7096 (interpolated 7091)
[ProjectileHitMessageClientHandler] 944653 : Wait for prediction of projectile hit of 4294974361 at tick 7096 (interpolated 7091)
[ProjectileHitMessageClientHandler] 944653 : Wait for prediction of projectile hit of 4294974350 at tick 7096 (interpolated 7092)
[ProjectileHitMessageClientHandler] 944653 : Wait for prediction of projectile hit of 4294974361 at tick 7096 (interpolated 7092)
[ProjectileHitMessageClientHandler] 944653 : Wait for prediction of projectile hit of 4294974350 at tick 7097 (interpolated 7092)
[ProjectileHitMessageClientHandler] 944653 : Wait for prediction of projectile hit of 4294974361 at tick 7097 (interpolated 7092)
[ProjectileHitMessageClientHandler] 944653 : Wait for prediction of projectile hit of 4294974350 at tick 7097 (interpolated 7093)
[ProjectileHitMessageClientHandler] 944653 : Wait for prediction of projectile hit of 4294974361 at tick 7097 (interpolated 7093)
[ProjectileHitMessageClientHandler] 944653 : Wait for prediction of projectile hit of 4294974350 at tick 7098 (interpolated 7093)
[ProjectileHitMessageClientHandler] 944653 : Wait for prediction of projectile hit of 4294974361 at tick 7098 (interpolated 7093)
[ProjectileHitMessageClientHandler] 944653 : Wait for prediction of projectile hit of 4294974350 at tick 7098 (interpolated 7094)
[ProjectileHitMessageClientHandler] 944653 : Wait for prediction of projectile hit of 4294974361 at tick 7098 (interpolated 7094)
[ProjectileHitMessageClientHandler] 944653 : Wait for prediction of projectile hit of 4294974350 at tick 7099 (interpolated 7094)
[ProjectileHitMessageClientHandler] 944653 : Wait for prediction of projectile hit of 4294974361 at tick 7099 (interpolated 7094)
[ProjectileHitMessageClientHandler] 944653 : Wait for prediction of projectile hit of 4294974350 at tick 7099 (interpolated 7095)
[ProjectileHitMessageClientHandler] 944653 : Wait for prediction of projectile hit of 4294974361 at tick 7099 (interpolated 7095)
[ProjectileHitMessageClientHandler] 944653 : Wait for prediction of projectile hit of 4294974350 at tick 7100 (interpolated 7095)
[ProjectileHitMessageClientHandler] 944653 : Wait for prediction of projectile hit of 4294974361 at tick 7100 (interpolated 7095)
[ProjectileHitMessageClientHandler] 944653 : Wait for prediction of projectile hit of 4294974350 at tick 7100 (interpolated 7096)
[ProjectileHitMessageClientHandler] 944653 : Wait for prediction of projectile hit of 4294974361 at tick 7100 (interpolated 7096)
[ProjectileHitMessageClientHandler] 944653 : Wait for prediction of projectile hit of 4294974350 at tick 7101 (interpolated 7096)
[ProjectileHitMessageClientHandler] 944653 : Wait for prediction of projectile hit of 4294974361 at tick 7101 (interpolated 7096)
[ProjectileHitMessageClientHandler] 944653 : Wait for prediction of projectile hit of 4294974350 at tick 7101 (interpolated 7097)
[ProjectileHitMessageClientHandler] 944653 : Wait for prediction of projectile hit of 4294974361 at tick 7101 (interpolated 7097)
[ProjectileHitMessageClientHandler] 944653 : Wait for prediction of projectile hit of 4294974350 at tick 7102 (interpolated 7097)
[ProjectileHitMessageClientHandler] 944653 : Wait for prediction of projectile hit of 4294974361 at tick 7102 (interpolated 7097)
[ProjectileHitMessageClientHandler] 944653 : Wait for prediction of projectile hit of 4294974350 at tick 7102 (interpolated 7098)
[ProjectileHitMessageClientHandler] 944653 : Wait for prediction of projectile hit of 4294974361 at tick 7102 (interpolated 7098)
[ProjectileHitMessageClientHandler] 944653 : Wait for prediction of projectile hit of 4294974350 at tick 7103 (interpolated 7098)
[ProjectileHitMessageClientHandler] 944653 : Wait for prediction of projectile hit of 4294974361 at tick 7103 (interpolated 7098)
[ProjectileHitMessageClientHandler] 944653 : Wait for prediction of projectile hit of 4294974350 at tick 7103 (interpolated 7099)
[ProjectileHitMessageClientHandler] 944653 : Wait for prediction of projectile hit of 4294974361 at tick 7103 (interpolated 7099)
[ProjectileHitMessageClientHandler] 944653 : Wait for prediction of projectile hit of 4294974350 at tick 7104 (interpolated 7099)
[ProjectileHitMessageClientHandler] 944653 : Wait for prediction of projectile hit of 4294974361 at tick 7104 (interpolated 7099)
[ProjectileHitMessageClientHandler] 944653 : Wait for prediction of projectile hit of 4294974350 at tick 7104 (interpolated 7100)
[ProjectileHitMessageClientHandler] 944653 : Wait for prediction of projectile hit of 4294974361 at tick 7104 (interpolated 7100)
[ProjectileHitMessageClientHandler] 944653 : Wait for prediction of projectile hit of 4294974350 at tick 7105 (interpolated 7100)
[ProjectileHitMessageClientHandler] 944653 : Wait for prediction of projectile hit of 4294974361 at tick 7105 (interpolated 7100)
[ProjectileHitMessageClientHandler] 944653 : Wait for prediction of projectile hit of 4294974350 at tick 7105 (interpolated 7101)
[ProjectileHitMessageClientHandler] 944653 : Wait for prediction of projectile hit of 4294974361 at tick 7105 (interpolated 7101)
[ProjectileHitMessageClientHandler] 944653 : Wait for prediction of projectile hit of 4294974350 at tick 7106 (interpolated 7101)
[ProjectileHitMessageClientHandler] 944653 : Wait for prediction of projectile hit of 4294974361 at tick 7106 (interpolated 7101)
[ProjectileHitMessageClientHandler] 944653 : Wait for prediction of projectile hit of 4294974350 at tick 7106 (interpolated 7102)
[ProjectileHitMessageClientHandler] 944653 : Wait for prediction of projectile hit of 4294974361 at tick 7106 (interpolated 7102)
[ProjectileHitMessageClientHandler] 944653 : Wait for prediction of projectile hit of 4294974350 at tick 7107 (interpolated 7102)
[ProjectileHitMessageClientHandler] 944653 : Wait for prediction of projectile hit of 4294974361 at tick 7107 (interpolated 7102)
[ProjectileHitMessageClientHandler] 944653 : Wait for prediction of projectile hit of 4294974350 at tick 7107 (interpolated 7103)
[ProjectileHitMessageClientHandler] 944653 : Wait for prediction of projectile hit of 4294974361 at tick 7107 (interpolated 7103)
[ProjectileHitMessageClientHandler] 944653 : Wait for prediction of projectile hit of 4294974350 at tick 7108 (interpolated 7103)
[ProjectileHitMessageClientHandler] 944653 : Wait for prediction of projectile hit of 4294974361 at tick 7108 (interpolated 7103)
[ProjectileHitMessageClientHandler] 944653 : Wait for prediction of projectile hit of 4294974350 at tick 7108 (interpolated 7104)
[ProjectileHitMessageClientHandler] 944653 : Wait for prediction of projectile hit of 4294974361 at tick 7108 (interpolated 7104)
[ProjectileHitMessageClientHandler] 944653 : Wait for prediction of projectile hit of 4294974350 at tick 7109 (interpolated 7104)
[ProjectileHitMessageClientHandler] 944653 : Wait for prediction of projectile hit of 4294974361 at tick 7109 (interpolated 7104)
[ProjectileHitMessageClientHandler] 944653 : Wait for prediction of projectile hit of 4294974350 at tick 7109 (interpolated 7105)
[ProjectileHitMessageClientHandler] 944653 : Wait for prediction of projectile hit of 4294974361 at tick 7109 (interpolated 7105)
[ProjectileHitMessageClientHandler] 944653 : Wait for prediction of projectile hit of 4294974350 at tick 7110 (interpolated 7105)
[ProjectileHitMessageClientHandler] 944653 : Wait for prediction of projectile hit of 4294974361 at tick 7110 (interpolated 7105)
[ProjectileHitMessageClientHandler] 944653 : Wait for prediction of projectile hit of 4294974350 at tick 7110 (interpolated 7106)
[ProjectileHitMessageClientHandler] 944653 : Wait for prediction of projectile hit of 4294974361 at tick 7110 (interpolated 7106)
[ProjectileHitMessageClientHandler] 944653 : Wait for prediction of projectile hit of 4294974350 at tick 7111 (interpolated 7106)
[ProjectileHitMessageClientHandler] 944653 : Wait for prediction of projectile hit of 4294974361 at tick 7111 (interpolated 7106)
[ProjectileHitMessageClientHandler] 944653 : Wait for prediction of projectile hit of 4294974350 at tick 7111 (interpolated 7107)
[ProjectileHitMessageClientHandler] 944653 : Wait for prediction of projectile hit of 4294974361 at tick 7111 (interpolated 7107)
[ProjectileHitMessageClientHandler] 944653 : Wait for prediction of projectile hit of 4294974350 at tick 7112 (interpolated 7107)
[ProjectileHitMessageClientHandler] 944653 : Wait for prediction of projectile hit of 4294974361 at tick 7112 (interpolated 7107)
[ProjectileHitMessageClientHandler] 944653 : Wait for prediction of projectile hit of 4294974350 at tick 7112 (interpolated 7108)
[ProjectileHitMessageClientHandler] 944653 : Wait for prediction of projectile hit of 4294974361 at tick 7112 (interpolated 7108)
[ProjectileHitMessageClientHandler] 944653 : Wait for prediction of projectile hit of 4294974361 at tick 7113 (interpolated 7108)
[ProjectileHitMessageClientHandler] 944653 : Wait for prediction of projectile hit of 4294974361 at tick 7113 (interpolated 7109)
[ProjectileHitMessageClientHandler] 944653 : Wait for prediction of projectile hit of 4294974361 at tick 7114 (interpolated 7109)
[ProjectileHitMessageClientHandler] 944653 : Wait for prediction of projectile hit of 4294974361 at tick 7114 (interpolated 7110)
[ProjectileHitMessageClientHandler] 944653 : Wait for prediction of projectile hit of 4294974361 at tick 7115 (interpolated 7110)
[ProjectileHitMessageClientHandler] 944653 : Wait for prediction of projectile hit of 4294974361 at tick 7115 (interpolated 7111)
[ProjectileHitMessageClientHandler] 944653 : Wait for prediction of projectile hit of 4294974361 at tick 7116 (interpolated 7111)
[ProjectileHitMessageClientHandler] 944653 : Wait for prediction of projectile hit of 4294974361 at tick 7116 (interpolated 7112)
[ProjectileHitMessageClientHandler] 944653 : Wait for prediction of projectile hit of 4294974361 at tick 7117 (interpolated 7112)
[ProjectileHitMessageClientHandler] 944653 : Wait for prediction of projectile hit of 4294974361 at tick 7117 (interpolated 7113)
[ProjectileHitMessageClientHandler] 944653 : Wait for prediction of projectile hit of 4294974361 at tick 7118 (interpolated 7113)
[ProjectileHitMessageClientHandler] 944653 : Wait for prediction of projectile hit of 4294974361 at tick 7118 (interpolated 7114)
[ProjectileHitMessageClientHandler] 944653 : Wait for prediction of projectile hit of 4294974361 at tick 7119 (interpolated 7114)
[ProjectileHitMessageClientHandler] 944653 : Wait for prediction of projectile hit of 4294974361 at tick 7119 (interpolated 7115)
[ProjectileHitMessageClientHandler] 944653 : Wait for prediction of projectile hit of 4294974361 at tick 7120 (interpolated 7115)
[ProjectileHitMessageClientHandler] 944653 : Wait for prediction of projectile hit of 4294974361 at tick 7120 (interpolated 7116)
[ProjectileHitMessageClientHandler] 944653 : Wait for prediction of projectile hit of 4294974361 at tick 7121 (interpolated 7116)
[ProjectileHitMessageClientHandler] 944653 : Wait for prediction of projectile hit of 4294974361 at tick 7121 (interpolated 7117)
[ProjectileHitMessageClientHandler] 944653 : Wait for prediction of projectile hit of 4294974361 at tick 7122 (interpolated 7117)
[ProjectileHitMessageClientHandler] 944653 : Wait for prediction of projectile hit of 4294974361 at tick 7122 (interpolated 7118)
[ProjectileHitMessageClientHandler] 944653 : Wait for prediction of projectile hit of 4294974361 at tick 7123 (interpolated 7118)
Damage hit from client projectile not found (DamageHitTick=4294981142;Tick=13846)
Unloading 11 Unused Serialized files (Serialized files now loaded: 93)
UnloadTime: 117.632000 ms
Unloading 10005 unused Assets to reduce memory usage. Loaded Objects now: 124558.
Total: 152.637100 ms (FindLiveObjects: 6.684900 ms CreateObjectMapping: 8.210400 ms MarkObjects: 122.677200 ms  DeleteObjects: 15.064200 ms)

Unloading 0 Unused Serialized files (Serialized files now loaded: 59)
Unloading 0 unused Assets to reduce memory usage. Loaded Objects now: 124558.
Total: 131.793000 ms (FindLiveObjects: 6.000100 ms CreateObjectMapping: 7.408600 ms MarkObjects: 118.138100 ms  DeleteObjects: 0.245700 ms)

Unloading 8 Unused Serialized files (Serialized files now loaded: 59)
The tree Tree02 must use the Nature/Soft Occlusion shader. Otherwise billboarding/lighting will not work correctly.
UnloadTime: 1.245000 ms
Unloading 854 unused Assets to reduce memory usage. Loaded Objects now: 137704.
Total: 131.630200 ms (FindLiveObjects: 6.842800 ms CreateObjectMapping: 7.553700 ms MarkObjects: 116.089500 ms  DeleteObjects: 1.143500 ms)

Unloading 3 Unused Serialized files (Serialized files now loaded: 76)
UnloadTime: 274.344300 ms
Unloading 6943 unused Assets to reduce memory usage. Loaded Objects now: 124556.
Total: 144.408100 ms (FindLiveObjects: 6.157500 ms CreateObjectMapping: 8.149900 ms MarkObjects: 118.486300 ms  DeleteObjects: 11.614000 ms)

Unloading 0 Unused Serialized files (Serialized files now loaded: 59)
Unloading 1 unused Assets to reduce memory usage. Loaded Objects now: 124555.
Total: 135.232900 ms (FindLiveObjects: 6.093600 ms CreateObjectMapping: 7.503400 ms MarkObjects: 120.285900 ms  DeleteObjects: 1.349400 ms)

Unloading 5 Unused Serialized files (Serialized files now loaded: 59)
UnloadTime: 1.374300 ms
Unloading 850 unused Assets to reduce memory usage. Loaded Objects now: 212832.
Total: 145.459100 ms (FindLiveObjects: 12.824300 ms CreateObjectMapping: 8.214600 ms MarkObjects: 123.170400 ms  DeleteObjects: 1.249400 ms)

Activate object on scene. ObjectId: 211 Tick 163
[ProjectileHitMessageClientHandler] 1004054 : Wait for prediction of projectile hit of 4294972979 at tick 5689 (interpolated 5685)
[ProjectileHitMessageClientHandler] 1004054 : Wait for prediction of projectile hit of 4294972979 at tick 5690 (interpolated 5685)
[ProjectileHitMessageClientHandler] 1004054 : Wait for prediction of projectile hit of 4294972979 at tick 5690 (interpolated 5686)
[ProjectileHitMessageClientHandler] 1004054 : Wait for prediction of projectile hit of 4294972979 at tick 5691 (interpolated 5686)
[ProjectileHitMessageClientHandler] 1004054 : Wait for prediction of projectile hit of 4294973050 at tick 5761 (interpolated 5757)
Unloading 6 Unused Serialized files (Serialized files now loaded: 95)
UnloadTime: 42.646300 ms
Unloading 9122 unused Assets to reduce memory usage. Loaded Objects now: 124563.
Total: 143.555400 ms (FindLiveObjects: 6.428100 ms CreateObjectMapping: 8.478900 ms MarkObjects: 118.536400 ms  DeleteObjects: 10.111400 ms)

Unloading 0 Unused Serialized files (Serialized files now loaded: 59)
Unloading 0 unused Assets to reduce memory usage. Loaded Objects now: 124563.
Total: 137.071800 ms (FindLiveObjects: 5.942700 ms CreateObjectMapping: 7.544400 ms MarkObjects: 123.320700 ms  DeleteObjects: 0.263300 ms)

Unloading 8 Unused Serialized files (Serialized files now loaded: 59)
The tree Tree02 must use the Nature/Soft Occlusion shader. Otherwise billboarding/lighting will not work correctly.
UnloadTime: 1.207800 ms
Unloading 854 unused Assets to reduce memory usage. Loaded Objects now: 137710.
Total: 84.404300 ms (FindLiveObjects: 6.876300 ms CreateObjectMapping: 7.699100 ms MarkObjects: 68.716800 ms  DeleteObjects: 1.111600 ms)

Unloading 3 Unused Serialized files (Serialized files now loaded: 74)
UnloadTime: 269.401700 ms
Unloading 6874 unused Assets to reduce memory usage. Loaded Objects now: 124564.
Total: 145.494100 ms (FindLiveObjects: 6.162700 ms CreateObjectMapping: 7.706800 ms MarkObjects: 120.454100 ms  DeleteObjects: 11.169400 ms)

Unloading 0 Unused Serialized files (Serialized files now loaded: 59)
Unloading 1 unused Assets to reduce memory usage. Loaded Objects now: 124563.
Total: 132.675500 ms (FindLiveObjects: 6.225600 ms CreateObjectMapping: 7.479700 ms MarkObjects: 117.737700 ms  DeleteObjects: 1.231800 ms)

Unloading 5 Unused Serialized files (Serialized files now loaded: 59)
UnloadTime: 1.379600 ms
Unloading 850 unused Assets to reduce memory usage. Loaded Objects now: 212840.
Total: 143.746100 ms (FindLiveObjects: 12.707200 ms CreateObjectMapping: 8.176500 ms MarkObjects: 121.740200 ms  DeleteObjects: 1.121400 ms)

Activate object on scene. ObjectId: 211 Tick 165
Unloading 6 Unused Serialized files (Serialized files now loaded: 99)
UnloadTime: 41.810200 ms
Unloading 9111 unused Assets to reduce memory usage. Loaded Objects now: 124565.
Total: 144.237400 ms (FindLiveObjects: 6.275800 ms CreateObjectMapping: 8.391200 ms MarkObjects: 120.127700 ms  DeleteObjects: 9.442300 ms)

Unloading 0 Unused Serialized files (Serialized files now loaded: 59)
Unloading 0 unused Assets to reduce memory usage. Loaded Objects now: 124565.
Total: 134.805800 ms (FindLiveObjects: 5.980300 ms CreateObjectMapping: 7.700900 ms MarkObjects: 120.896800 ms  DeleteObjects: 0.226200 ms)

Unloading 8 Unused Serialized files (Serialized files now loaded: 59)
The tree Tree02 must use the Nature/Soft Occlusion shader. Otherwise billboarding/lighting will not work correctly.
UnloadTime: 1.273000 ms
Unloading 854 unused Assets to reduce memory usage. Loaded Objects now: 137948.
Total: 145.173400 ms (FindLiveObjects: 7.650200 ms CreateObjectMapping: 8.125900 ms MarkObjects: 128.396400 ms  DeleteObjects: 1.000400 ms)

Unloading 3 Unused Serialized files (Serialized files now loaded: 74)
UnloadTime: 268.711000 ms
Unloading 6872 unused Assets to reduce memory usage. Loaded Objects now: 124566.
Total: 143.861500 ms (FindLiveObjects: 6.085800 ms CreateObjectMapping: 7.822400 ms MarkObjects: 118.729700 ms  DeleteObjects: 11.222900 ms)

Unloading 0 Unused Serialized files (Serialized files now loaded: 59)
Unloading 1 unused Assets to reduce memory usage. Loaded Objects now: 124565.
Total: 131.222800 ms (FindLiveObjects: 5.915700 ms CreateObjectMapping: 7.343600 ms MarkObjects: 116.740900 ms  DeleteObjects: 1.221800 ms)

Unloading 5 Unused Serialized files (Serialized files now loaded: 59)
UnloadTime: 1.382500 ms
Unloading 850 unused Assets to reduce memory usage. Loaded Objects now: 212842.
Total: 150.687900 ms (FindLiveObjects: 12.568500 ms CreateObjectMapping: 7.976100 ms MarkObjects: 129.023200 ms  DeleteObjects: 1.119500 ms)

Activate object on scene. ObjectId: 211 Tick 164
Unloading 6 Unused Serialized files (Serialized files now loaded: 97)
UnloadTime: 41.973100 ms
Unloading 9067 unused Assets to reduce memory usage. Loaded Objects now: 124575.
Total: 161.884500 ms (FindLiveObjects: 6.608600 ms CreateObjectMapping: 8.257500 ms MarkObjects: 132.307800 ms  DeleteObjects: 14.709900 ms)

Unloading 0 Unused Serialized files (Serialized files now loaded: 59)
Unloading 0 unused Assets to reduce memory usage. Loaded Objects now: 124575.
Total: 133.377500 ms (FindLiveObjects: 6.587000 ms CreateObjectMapping: 10.675400 ms MarkObjects: 115.885900 ms  DeleteObjects: 0.228600 ms)

Unloading 8 Unused Serialized files (Serialized files now loaded: 59)
The tree Tree02 must use the Nature/Soft Occlusion shader. Otherwise billboarding/lighting will not work correctly.
UnloadTime: 1.238100 ms
Unloading 854 unused Assets to reduce memory usage. Loaded Objects now: 137732.
Total: 140.461100 ms (FindLiveObjects: 6.940200 ms CreateObjectMapping: 7.614600 ms MarkObjects: 124.722800 ms  DeleteObjects: 1.182500 ms)

Memory Statistics:
[ALLOC_TEMP_TLS] TLS Allocator
  StackAllocators : 
    [ALLOC_TEMP_MAIN]
      Peak usage frame count: [2.0 KB-4.0 KB]: 97 frames, [4.0 KB-8.0 KB]: 24 frames, [8.0 KB-16.0 KB]: 287838 frames, [16.0 KB-32.0 KB]: 117593 frames, [32.0 KB-64.0 KB]: 241 frames, [64.0 KB-128.0 KB]: 172484 frames, [128.0 KB-256.0 KB]: 5904 frames, [256.0 KB-0.5 MB]: 605542 frames, [0.5 MB-1.0 MB]: 82996 frames, [1.0 MB-2.0 MB]: 143 frames, [2.0 MB-4.0 MB]: 16 frames, [4.0 MB-8.0 MB]: 214 frames
      Initial Block Size 4.0 MB
      Current Block Size 8.0 MB
      Peak Allocated Bytes 7.9 MB
      Overflow Count 1948
    [ALLOC_TEMP_Loading.AsyncRead]
      Initial Block Size 64.0 KB
      Current Block Size 120.0 KB
      Peak Allocated Bytes 118.9 KB
      Overflow Count 0
    [ALLOC_TEMP_Loading.PreloadManager]
      Initial Block Size 256.0 KB
      Current Block Size 0.5 MB
      Peak Allocated Bytes 511.6 KB
      Overflow Count 101015
    [ALLOC_TEMP_Background Job.Worker 8]
      Initial Block Size 32.0 KB
      Current Block Size 56.0 KB
      Peak Allocated Bytes 54.6 KB
      Overflow Count 0
    [ALLOC_TEMP_Job.Worker 6]
      Initial Block Size 256.0 KB
      Current Block Size 432.0 KB
      Peak Allocated Bytes 242.2 KB
      Overflow Count 0
    [ALLOC_TEMP_Job.Worker 0]
      Initial Block Size 256.0 KB
      Current Block Size 416.0 KB
      Peak Allocated Bytes 221.2 KB
      Overflow Count 0
    [ALLOC_TEMP_Background Job.Worker 10]
      Initial Block Size 32.0 KB
      Current Block Size 52.0 KB
      Peak Allocated Bytes 51.3 KB
      Overflow Count 0
    [ALLOC_TEMP_Background Job.Worker 9]
      Initial Block Size 32.0 KB
      Current Block Size 48.0 KB
      Peak Allocated Bytes 47.4 KB
      Overflow Count 0
    [ALLOC_TEMP_Job.Worker 5]
      Initial Block Size 256.0 KB
      Current Block Size 436.0 KB
      Peak Allocated Bytes 242.2 KB
      Overflow Count 0
    [ALLOC_TEMP_Background Job.Worker 14]
      Initial Block Size 32.0 KB
      Current Block Size 56.0 KB
      Peak Allocated Bytes 52.0 KB
      Overflow Count 0
    [ALLOC_TEMP_Background Job.Worker 6]
      Initial Block Size 32.0 KB
      Current Block Size 52.0 KB
      Peak Allocated Bytes 48.2 KB
      Overflow Count 0
    [ALLOC_TEMP_Job.Worker 4]
      Initial Block Size 256.0 KB
      Current Block Size 416.0 KB
      Peak Allocated Bytes 238.5 KB
      Overflow Count 0
    [ALLOC_TEMP_Job.Worker 14]
      Initial Block Size 256.0 KB
      Current Block Size 416.0 KB
      Peak Allocated Bytes 222.1 KB
      Overflow Count 0
    [ALLOC_TEMP_Job.Worker 3]
      Initial Block Size 256.0 KB
      Current Block Size 416.0 KB
      Peak Allocated Bytes 221.2 KB
      Overflow Count 0
    [ALLOC_TEMP_Job.Worker 13]
      Initial Block Size 256.0 KB
      Current Block Size 416.0 KB
      Peak Allocated Bytes 238.5 KB
      Overflow Count 0
    [ALLOC_TEMP_Background Job.Worker 12]
      Initial Block Size 32.0 KB
      Current Block Size 48.0 KB
      Peak Allocated Bytes 47.3 KB
      Overflow Count 0
    [ALLOC_TEMP_EnlightenWorker] x 4
      Initial Block Size 64.0 KB
      Current Block Size 64.0 KB
      Peak Allocated Bytes 54 B
      Overflow Count 0
    [ALLOC_TEMP_Background Job.Worker 15]
      Initial Block Size 32.0 KB
      Current Block Size 56.0 KB
      Peak Allocated Bytes 52.4 KB
      Overflow Count 0
    [ALLOC_TEMP_Background Job.Worker 1]
      Initial Block Size 32.0 KB
      Current Block Size 48.0 KB
      Peak Allocated Bytes 47.4 KB
      Overflow Count 0
    [ALLOC_TEMP_Background Job.Worker 2]
      Initial Block Size 32.0 KB
      Current Block Size 48.0 KB
      Peak Allocated Bytes 47.4 KB
      Overflow Count 0
    [ALLOC_TEMP_Background Job.Worker 7]
      Initial Block Size 32.0 KB
      Current Block Size 56.0 KB
      Peak Allocated Bytes 53.4 KB
      Overflow Count 0
    [ALLOC_TEMP_UnityGfxDeviceWorker]
      Initial Block Size 256.0 KB
      Current Block Size 256.0 KB
      Peak Allocated Bytes 19.0 KB
      Overflow Count 0
    [ALLOC_TEMP_AssetGarbageCollectorHelper] x 15
      Initial Block Size 64.0 KB
      Current Block Size 64.0 KB
      Peak Allocated Bytes 0 B
      Overflow Count 0
    [ALLOC_TEMP_Background Job.Worker 5]
      Initial Block Size 32.0 KB
      Current Block Size 52.0 KB
      Peak Allocated Bytes 50.6 KB
      Overflow Count 0
    [ALLOC_TEMP_Job.Worker 9]
      Initial Block Size 256.0 KB
      Current Block Size 416.0 KB
      Peak Allocated Bytes 221.2 KB
      Overflow Count 0
    [ALLOC_TEMP_Background Job.Worker 13]
      Initial Block Size 32.0 KB
      Current Block Size 48.0 KB
      Peak Allocated Bytes 47.4 KB
      Overflow Count 0
    [ALLOC_TEMP_Job.Worker 8]
      Initial Block Size 256.0 KB
      Current Block Size 416.0 KB
      Peak Allocated Bytes 221.2 KB
      Overflow Count 0
    [ALLOC_TEMP_Job.Worker 7]
      Initial Block Size 256.0 KB
      Current Block Size 416.0 KB
      Peak Allocated Bytes 221.2 KB
      Overflow Count 0
    [ALLOC_TEMP_Job.Worker 1]
      Initial Block Size 256.0 KB
      Current Block Size 416.0 KB
      Peak Allocated Bytes 238.5 KB
      Overflow Count 0
    [ALLOC_TEMP_Job.Worker 2]
      Initial Block Size 256.0 KB
      Current Block Size 412.0 KB
      Peak Allocated Bytes 220.6 KB
      Overflow Count 0
    [ALLOC_TEMP_Background Job.Worker 3]
      Initial Block Size 32.0 KB
      Current Block Size 48.0 KB
      Peak Allocated Bytes 47.4 KB
      Overflow Count 0
    [ALLOC_TEMP_Background Job.Worker 11]
      Initial Block Size 32.0 KB
      Current Block Size 48.0 KB
      Peak Allocated Bytes 47.4 KB
      Overflow Count 0
    [ALLOC_TEMP_Job.Worker 10]
      Initial Block Size 256.0 KB
      Current Block Size 436.0 KB
      Peak Allocated Bytes 234.9 KB
      Overflow Count 0
    [ALLOC_TEMP_Background Job.Worker 0]
      Initial Block Size 32.0 KB
      Current Block Size 52.0 KB
      Peak Allocated Bytes 51.3 KB
      Overflow Count 0
    [ALLOC_TEMP_CloudJob.Worker 0]
      Initial Block Size 32.0 KB
      Current Block Size 32.0 KB
      Peak Allocated Bytes 3.3 KB
      Overflow Count 0
    [ALLOC_TEMP_HIDInput]
      Initial Block Size 64.0 KB
      Current Block Size 64.0 KB
      Peak Allocated Bytes 10.9 KB
      Overflow Count 0
    [ALLOC_TEMP_Job.Worker 11]
      Initial Block Size 256.0 KB
      Current Block Size 416.0 KB
      Peak Allocated Bytes 222.5 KB
      Overflow Count 0
    [ALLOC_TEMP_Job.Worker 12]
      Initial Block Size 256.0 KB
      Current Block Size 416.0 KB
      Peak Allocated Bytes 224.8 KB
      Overflow Count 0
    [ALLOC_TEMP_Background Job.Worker 4]
      Initial Block Size 32.0 KB
      Current Block Size 52.0 KB
      Peak Allocated Bytes 51.3 KB
      Overflow Count 0
    [ALLOC_TEMP_BatchDeleteObjects]
      Initial Block Size 64.0 KB
      Current Block Size 64.0 KB
      Peak Allocated Bytes 54 B
      Overflow Count 0
[ALLOC_DEFAULT] Dual Thread Allocator
  Peak main deferred allocation count 145158
    [ALLOC_BUCKET]
      Large Block size 4.0 MB
      Used Block count 1
      Peak Allocated bytes 4.0 MB
      Failed Allocations. Bucket layout:
        16B: 23 Subsections = 23552 buckets. Failed count: 82385194
        32B: 29 Subsections = 14848 buckets. Failed count: 43813082
        48B: 31 Subsections = 10581 buckets. Failed count: 85600914
        64B: 59 Subsections = 15104 buckets. Failed count: 33361971
        80B: 40 Subsections = 8192 buckets. Failed count: 3487237
        96B: 22 Subsections = 3754 buckets. Failed count: 682240
        112B: 28 Subsections = 4096 buckets. Failed count: 6371246
        128B: 24 Subsections = 3072 buckets. Failed count: 9808503
    [ALLOC_DEFAULT_MAIN]
      Peak usage frame count: [64.0 MB-128.0 MB]: 921 frames, [128.0 MB-256.0 MB]: 65269 frames, [256.0 MB-0.50 GB]: 982891 frames, [0.50 GB-1.00 GB]: 224011 frames
      Requested Block Size 16.0 MB
      Peak Block count 51
      Peak Allocated memory 0.65 GB
      Peak Large allocation bytes 108.4 MB
    [ALLOC_DEFAULT_THREAD]
      Peak usage frame count: [16.0 MB-32.0 MB]: 96 frames, [32.0 MB-64.0 MB]: 993 frames, [64.0 MB-128.0 MB]: 1187680 frames, [128.0 MB-256.0 MB]: 84323 frames
      Requested Block Size 16.0 MB
      Peak Block count 10
      Peak Allocated memory 159.0 MB
      Peak Large allocation bytes 68.0 MB
[ALLOC_TEMP_JOB_1_FRAME]
  Initial Block Size 2.0 MB
  Used Block Count 1
  Overflow Count (too large) 0
  Overflow Count (full) 0
[ALLOC_TEMP_JOB_2_FRAMES]
  Initial Block Size 2.0 MB
  Used Block Count 1
  Overflow Count (too large) 0
  Overflow Count (full) 0
[ALLOC_TEMP_JOB_4_FRAMES (JobTemp)]
  Initial Block Size 2.0 MB
  Used Block Count 11
  Overflow Count (too large) 0
  Overflow Count (full) 0
[ALLOC_TEMP_JOB_ASYNC (Background)]
  Initial Block Size 1.0 MB
  Used Block Count 36
  Overflow Count (too large) 0
  Overflow Count (full) 0
[ALLOC_GFX] Dual Thread Allocator
  Peak main deferred allocation count 10
    [ALLOC_BUCKET]
      Large Block size 4.0 MB
      Used Block count 1
      Peak Allocated bytes 4.0 MB
      Failed Allocations. Bucket layout:
        16B: 23 Subsections = 23552 buckets. Failed count: 82385194
        32B: 29 Subsections = 14848 buckets. Failed count: 43813082
        48B: 31 Subsections = 10581 buckets. Failed count: 85600914
        64B: 59 Subsections = 15104 buckets. Failed count: 33361971
        80B: 40 Subsections = 8192 buckets. Failed count: 3487237
        96B: 22 Subsections = 3754 buckets. Failed count: 682240
        112B: 28 Subsections = 4096 buckets. Failed count: 6371246
        128B: 24 Subsections = 3072 buckets. Failed count: 9808503
    [ALLOC_GFX_MAIN]
      Peak usage frame count: [32.0 KB-64.0 KB]: 99 frames, [64.0 KB-128.0 KB]: 48 frames, [128.0 KB-256.0 KB]: 27 frames, [256.0 KB-0.5 MB]: 18 frames, [0.5 MB-1.0 MB]: 1897 frames, [1.0 MB-2.0 MB]: 72907 frames, [2.0 MB-4.0 MB]: 715148 frames, [4.0 MB-8.0 MB]: 194238 frames, [8.0 MB-16.0 MB]: 205771 frames, [16.0 MB-32.0 MB]: 82939 frames
      Requested Block Size 16.0 MB
      Peak Block count 3
      Peak Allocated memory 25.0 MB
      Peak Large allocation bytes 0 B
    [ALLOC_GFX_THREAD]
      Peak usage frame count: [64.0 KB-128.0 KB]: 35 frames, [128.0 KB-256.0 KB]: 119 frames, [2.0 MB-4.0 MB]: 360 frames, [4.0 MB-8.0 MB]: 147868 frames, [8.0 MB-16.0 MB]: 513009 frames, [16.0 MB-32.0 MB]: 611701 frames
      Requested Block Size 16.0 MB
      Peak Block count 2
      Peak Allocated memory 22.5 MB
      Peak Large allocation bytes 0 B
[ALLOC_CACHEOBJECTS] Dual Thread Allocator
  Peak main deferred allocation count 2023
    [ALLOC_BUCKET]
      Large Block size 4.0 MB
      Used Block count 1
      Peak Allocated bytes 4.0 MB
      Failed Allocations. Bucket layout:
        16B: 23 Subsections = 23552 buckets. Failed count: 82385194
        32B: 29 Subsections = 14848 buckets. Failed count: 43813082
        48B: 31 Subsections = 10581 buckets. Failed count: 85600914
        64B: 59 Subsections = 15104 buckets. Failed count: 33361971
        80B: 40 Subsections = 8192 buckets. Failed count: 3487237
        96B: 22 Subsections = 3754 buckets. Failed count: 682240
        112B: 28 Subsections = 4096 buckets. Failed count: 6371246
        128B: 24 Subsections = 3072 buckets. Failed count: 9808503
    [ALLOC_CACHEOBJECTS_MAIN]
      Peak usage frame count: [128.0 MB-256.0 MB]: 1273092 frames
      Requested Block Size 4.0 MB
      Peak Block count 44
      Peak Allocated memory 162.8 MB
      Peak Large allocation bytes 88.2 MB
    [ALLOC_CACHEOBJECTS_THREAD]
      Peak usage frame count: [0.5 MB-1.0 MB]: 1 frames, [1.0 MB-2.0 MB]: 1 frames, [4.0 MB-8.0 MB]: 10 frames, [8.0 MB-16.0 MB]: 1 frames, [16.0 MB-32.0 MB]: 3 frames, [32.0 MB-64.0 MB]: 297 frames, [64.0 MB-128.0 MB]: 361443 frames, [128.0 MB-256.0 MB]: 911182 frames, [256.0 MB-0.50 GB]: 154 frames
      Requested Block Size 4.0 MB
      Peak Block count 57
      Peak Allocated memory 284.8 MB
      Peak Large allocation bytes 124.6 MB
[ALLOC_TYPETREE] Dual Thread Allocator
  Peak main deferred allocation count 0
    [ALLOC_BUCKET]
      Large Block size 4.0 MB
      Used Block count 1
      Peak Allocated bytes 4.0 MB
      Failed Allocations. Bucket layout:
        16B: 23 Subsections = 23552 buckets. Failed count: 82385194
        32B: 29 Subsections = 14848 buckets. Failed count: 43813082
        48B: 31 Subsections = 10581 buckets. Failed count: 85600914
        64B: 59 Subsections = 15104 buckets. Failed count: 33361971
        80B: 40 Subsections = 8192 buckets. Failed count: 3487237
        96B: 22 Subsections = 3754 buckets. Failed count: 682240
        112B: 28 Subsections = 4096 buckets. Failed count: 6371246
        128B: 24 Subsections = 3072 buckets. Failed count: 9808503
    [ALLOC_TYPETREE_MAIN]
      Peak usage frame count: [8.0 KB-16.0 KB]: 36 frames, [16.0 KB-32.0 KB]: 9390 frames, [32.0 KB-64.0 KB]: 1263666 frames
      Requested Block Size 2.0 MB
      Peak Block count 1
      Peak Allocated memory 36.5 KB
      Peak Large allocation bytes 0 B
    [ALLOC_TYPETREE_THREAD]
      Peak usage frame count: [16.0 KB-32.0 KB]: 2 frames, [256.0 KB-0.5 MB]: 1 frames, [2.0 MB-4.0 MB]: 6 frames, [4.0 MB-8.0 MB]: 611 frames, [8.0 MB-16.0 MB]: 1272472 frames
      Requested Block Size 2.0 MB
      Peak Block count 6
      Peak Allocated memory 11.2 MB
      Peak Large allocation bytes 0 B
