"";"cat";"cor"
"1";"PRIVADA";"0.105627132756426"
"2";"PÚBLICA";"0.0197161860161895"
