"";"cat";"cor"
"1";"ESTADUAL";"0.0728169584955388"
"2";"FEDERAL";"-0.00380745155961596"
"3";"MUNICIPAL";"0.644284762611974"
"4";"PARTICULAR";"0.105627132756426"
