"";"cat";"cor"
"1";"3";"0.0713251517530764"
"2";"4";"0.101668663817064"
"3";"5";"0.175069002255325"
"4";"6";"0.239510485273127"
"5";"7";"-0.143109833362463"
