"";"cat";"cor"
"1";"ESTADUAL";"0.0504286853874445"
"2";"FEDERAL";"-0.0210167044588608"
"3";"MUNICIPAL";"0.649299388297331"
"4";"PARTICULAR";"0.0820857111168742"
