"";"DS_DEPENDENCIA_ADMINISTRATIVA";"m_IMI";"m_IPT";"v_IMI";"v_IPT";"d_IMI";"d_IPT";"pc_IMI";"pc_IPT";"cor"
"1";"PRIVADA";0,543393843538338;0,146424732653934;0,0102797433477926;0,0223185044991696;0,101389069173124;0,149393790028802;18,6584869112473;102,027702097216;"0.169599512042538"
"2";"PÚBLICA";0,480152945301519;0,113263310096967;0,0111164311039817;0,0146611529307757;0,105434487260961;0,121083247936185;21,9585214029566;106,904210933376;"0.0202726364036229"
