"";"cat";"cor"
"1";"3";"0.0734136570889153"
"2";"4";"0.100213696874114"
"3";"5";"0.17578989824359"
"4";"6";"0.239279005818578"
"5";"7";"-0.144064709389764"
