"";"cat";"cor"
"1";"PRIVADA";"0.0820857111168742"
"2";"PÚBLICA";"0.00110756328222927"
