"";"cat";"cor"
"1";"ACADÊMICO";"0.0018438388956569"
"2";"PROFISSIONAL";"0.0606177650333353"
