"";"cat";"cor"
"1";"ESTADUAL";"0.044694894245347"
"2";"FEDERAL";"0.00199745460336628"
"3";"MUNICIPAL";"0.667284407529697"
"4";"PARTICULAR";"0.199529572696355"
