"";"cat";"cor"
"1";"ESTADUAL";"0.0428883114309491"
"2";"FEDERAL";"0.0011043897857947"
"3";"MUNICIPAL";"0.649299388297331"
"4";"PARTICULAR";"0.20255708262458"
