"";"CS_STATUS_JURIDICO";"m_IMI";"m_IPT";"v_IMI";"v_IPT";"d_IMI";"d_IPT";"pc_IMI";"pc_IPT";"cor"
"1";"ESTADUAL";0,475378237958786;0,0879418043372064;0,0110261177585017;0,00845009656484122;0,105005322524631;0,0919244067962433;22,08879459344;104,528679493277;"0.0728169584955388"
"2";"FEDERAL";0,47459651052262;0,095696939162811;0,0104565811309394;0,00883395447260291;0,102257425798518;0,0939891189053441;21,5461815523913;98,2153867486176;"-0.00380745155961596"
"3";"MUNICIPAL";0,511987972404938;0,0950884627355216;0,0158817684876056;0,0084823230472422;0,126022888744885;0,092099527942559;24,6144236851743;96,856679867382;"0.644284762611974"
"4";"PARTICULAR";0,53286008498854;0,108289362987683;0,010192716841789;0,0114349150720363;0,100958985938791;0,106934162324471;18,9466219713121;98,7485375979486;"0.105627132756426"
