"";"cat";"cor"
"1";"ACADÊMICO";"0.0239794726246032"
"2";"PROFISSIONAL";"0.0847722647346618"
