"";"cat";"cor"
"1";"3";"0.00219762659874549"
"2";"4";"0.0737466481650124"
"3";"5";"0.106353051021185"
"4";"6";"0.0467618965685604"
"5";"7";"-0.0456838292602879"
