"";"cat";"cor"
"1";"3";"0.0251285015021782"
"2";"4";"0.0970152675496664"
"3";"5";"0.119957523262755"
"4";"6";"0.0766948225001108"
"5";"7";"-0.0333079541728779"
