"";"cat";"cor"
"1";"PRIVADA";"0.20255708262458"
"2";"PÚBLICA";"0.0109531624035864"
