"";"NM_MODALIDADE_PROGRAMA";"m_IMI";"m_IPT";"v_IMI";"v_IPT";"d_IMI";"d_IPT";"pc_IMI";"pc_IPT";"cor"
"1";"ACADÊMICO";0,479064897728163;0,115139726929298;0,0109792922694901;0,0148806439152696;0,104782118080759;0,121986244778949;21,8722178514143;105,946268965754;"0.0428114638244629"
"2";"PROFISSIONAL";0,571508260249931;0,145581233982358;0,00784609104670128;0,0238955107318404;0,0885781634868396;0,154581728324665;15,499017187976;106,182455043208;"0.0994298489171458"
