"";"cat";"cor"
"1";"PRIVADA";"0.199529572696355"
"2";"PÚBLICA";"0.0119850419671404"
