"";"CD_CONCEITO_PROGRAMA";"m_IMI";"m_IPT";"v_IMI";"v_IPT";"d_IMI";"d_IPT";"pc_IMI";"pc_IPT";"cor";"ANO_INICIO_PROGRAMA"
"1";"3";0,561967948850743;0,115595699735093;0,00756052995743757;0,0153774511365386;0,0869513079685267;0,124005851218959;15,4726453966542;107,275488191291;"0.0259963770277024";"3"
"2";"4";0,48043699831456;0,119080775434397;0,00933403266454758;0,0174262166381465;0,096612797623025;0,132008396089592;20,1093583470791;110,856177756683;"0.135211646425709";"4"
"3";"5";0,429439854176581;0,123500627493334;0,00833362555669643;0,0156688558658952;0,0912886934767742;0,12517530054246;21,2576202671765;101,356003676351;"0.195114272457837";"5"
"4";"6";0,402639987259569;0,12355480225297;0,00542553068782496;0,0167811014944143;0,0736582017688795;0,129541890886363;18,2938118665781;104,845694804428;"0.221718627584643";"6"
"5";"7";0,381818744657247;0,128898227350549;0,00372512582676873;0,0141734420256573;0,0610338088830177;0,119052265940877;15,9850216200901;92,3614454503746;"-0.165483632913976";"7"
